Gender,Religion_ID,Marital_Status,Designation_ID,Status,Employment_Type,Designation,Year_of_Birth,Joined_Date,Joined_Month,Joined_Year,Inactive_Day,Inactive_Month,Inactive_Year,Employment_Category_Labour,Employment_Category_Management,Employment_Category_Staff
1,1,1,24,1,1,Driver,1965,8,12,1993,,,,0,0,1
1,1,1,24,1,1,Driver,1973,14,3,1995,,,,0,0,1
1,1,1,23,0,1,Account Clerk,1974,27,1,1988,28.0,6.0,2021.0,0,0,1
0,4,1,40,0,1,Purchasing Officer,1974,1,10,1999,31.0,1.0,2022.0,0,0,1
1,1,1,7,1,1,Store Keeper,1980,26,1,2001,,,,0,0,1
1,1,1,22,0,1,Technical Officer,1962,29,9,2003,31.0,8.0,2020.0,0,0,1
1,1,1,22,1,1,Technical Officer,1969,10,11,2003,,,,0,0,1
1,1,1,126,1,1,Project Coordinator ,1981,16,2,2004,,,,0,0,1
0,1,0,23,1,1,Account Clerk,1974,1,6,2005,,,,0,0,1
1,1,1,41,0,1,Electrician,1967,1,7,2006,31.0,1.0,2022.0,0,0,1
1,1,1,42,0,1,Transport Officer,1976,29,8,2006,5.0,5.0,2021.0,0,1,0
1,3,0,7,1,1,Store Keeper,1986,1,11,2006,,,,0,0,1
1,1,1,24,0,1,Driver,1975,25,5,2007,23.0,5.0,2021.0,0,0,1
1,1,1,43,0,1,Operator - JCB,1984,12,11,2007,10.0,9.0,2020.0,0,0,1
1,1,1,44,0,1,Driver - Boom,1973,15,11,2008,21.0,5.0,2020.0,0,0,1
0,1,0,45,0,0,Construction Manager,1963,2,8,2010,30.0,4.0,2021.0,0,1,0
1,1,1,46,0,0,Operator - Crane,1981,5,8,2010,27.0,9.0,2020.0,0,0,1
1,1,1,35,1,0,Operator-Excavator,1990,26,10,2010,,,,0,0,1
1,1,1,7,1,0,Store Keeper,1961,24,3,2011,,,,0,0,1
1,5,0,48,1,0,Draughtsman,1982,3,11,2011,,,,0,0,1
1,1,1,33,0,0,Site Engineer,1965,21,11,2011,28.0,7.0,2020.0,0,0,1
1,1,0,27,0,0,Supervisor,1991,25,1,2012,30.0,6.0,2020.0,0,0,1
1,1,1,24,1,0,Driver,1978,29,1,2012,,,,0,0,1
1,5,1,22,1,0,Technical Officer,1982,17,3,2012,,,,0,0,1
1,1,1,24,1,0,Driver,1994,21,5,2012,,,,0,0,1
1,1,1,8,1,0,Quantity Surveyor,1989,5,6,2012,,,,0,0,1
1,1,1,49,1,0,Junior Technical Officer,1986,6,7,2012,,,,0,0,1
1,1,1,22,0,0,Technical Officer,1989,18,11,2012,30.0,3.0,2020.0,0,0,1
1,1,1,24,1,0,Driver,1994,14,12,2012,,,,0,0,1
1,1,1,37,0,0,Driver-Tractor,1960,24,1,2013,14.0,11.0,2019.0,0,0,1
1,5,1,22,1,0,Technical Officer,1989,5,2,2013,,,,0,0,1
1,5,1,6,1,0,Project Manager,1965,1,4,2013,,,,0,0,1
1,1,1,46,0,0,Operator - Crane,1993,27,6,2013,17.0,12.0,2021.0,0,0,1
1,1,0,67,1,0,Operator - Loader,1993,21,8,2013,,,,0,0,1
1,3,1,27,0,0,Supervisor,1989,28,1,2014,31.0,8.0,2021.0,0,0,1
1,3,0,27,1,0,Supervisor,1988,24,1,2014,,,,0,0,1
1,1,1,7,1,0,Store Keeper,1972,25,2,2014,,,,0,0,1
1,1,0,24,0,0,Driver,1995,22,2,2014,31.0,8.0,2020.0,0,0,1
1,1,1,43,0,0,Operator - JCB,1992,3,5,2014,28.0,8.0,2020.0,0,0,1
1,1,0,36,1,0,Engineer Assistant,1987,4,6,2014,,,,0,0,1
1,1,1,27,0,0,Supervisor,1983,9,6,2014,5.0,12.0,2019.0,0,0,1
1,3,0,8,0,0,Quantity Surveyor,1990,17,9,2014,22.0,6.0,2020.0,0,0,1
1,1,0,8,1,0,Quantity Surveyor,1990,1,10,2014,,,,0,0,1
1,1,0,52,0,0,Moter Mechanic,1995,5,2,2015,30.0,5.0,2021.0,0,0,1
1,1,1,24,1,0,Driver,1983,28,4,2015,,,,0,0,1
1,1,0,35,0,0,Operator-Excavator,1997,1,5,2015,31.0,8.0,2021.0,0,0,1
1,3,0,54,0,0,Lab Technician,1985,2,6,2016,6.0,10.0,2020.0,0,0,1
1,4,1,36,0,0,Engineer Assistant,1982,1,6,2015,25.0,7.0,2021.0,0,0,1
1,3,1,27,0,0,Supervisor,1986,1,6,2015,25.0,3.0,2021.0,0,0,1
1,1,1,22,0,0,Technical Officer,1988,24,8,2015,31.0,5.0,2021.0,0,0,1
1,1,1,24,1,0,Driver,1995,1,9,2015,,,,0,0,1
1,1,0,24,0,0,Driver,1997,2,1,2016,31.0,8.0,2022.0,0,0,1
0,1,1,8,0,0,Quantity Surveyor,1981,5,2,2016,30.0,4.0,2021.0,0,0,1
1,1,1,57,1,0,Driver - Truck Mixture,1987,12,5,2016,,,,0,0,1
1,1,0,24,0,0,Driver,1988,26,5,2016,31.0,8.0,2021.0,0,0,1
1,1,1,38,0,0,Office Assistant,1965,15,8,2016,31.0,8.0,2022.0,0,0,1
1,1,1,58,0,0,Sociologist,1962,3,7,2020,26.0,10.0,2021.0,0,0,1
0,1,1,48,1,0,Draughtsman,1980,15,9,2016,,,,0,0,1
1,1,1,62,1,0,S/Skill,1947,1,1,2019,,,,1,0,0
1,1,1,63,0,0,Junior Quantity Surveyor,1993,1,11,2016,27.0,9.0,2022.0,0,0,1
1,1,1,64,0,0,Safety Officer,1972,28,11,2016,30.0,6.0,2021.0,0,0,1
1,1,0,22,1,0,Technical Officer,1988,15,12,2016,,,,0,0,1
1,3,1,27,1,0,Supervisor,1981,15,12,2016,,,,0,0,1
1,1,1,8,0,0,Quantity Surveyor,1991,19,12,2016,22.0,12.0,2021.0,0,0,1
1,1,0,59,1,0,Autocad Draughtsman ,1991,16,1,2017,,,,0,0,1
1,1,0,113,1,0,Operation Executive,1981,10,1,2017,,,,0,0,1
0,1,0,59,0,0,Autocad Draughtsman ,1989,30,1,2017,20.0,8.0,2021.0,0,0,1
1,1,1,6,0,0,Project Manager,1966,16,2,2017,31.0,10.0,2020.0,0,0,1
1,1,1,31,0,0,Unskilled Labor,1955,1,1,2019,31.0,5.0,2021.0,1,0,0
1,1,1,31,0,0,Unskilled Labor,1966,1,1,2019,10.0,12.0,2020.0,1,0,0
1,1,1,31,0,0,Unskilled Labor,1976,3,12,2020,9.0,4.0,2021.0,1,0,0
1,1,0,22,0,0,Technical Officer,1985,1,3,2017,29.0,2.0,2020.0,0,1,0
1,1,1,7,1,0,Store Keeper,1961,23,3,2017,,,,0,0,1
1,3,0,49,0,0,Junior Technical Officer,1983,27,3,2017,19.0,2.0,2022.0,0,0,1
1,1,1,30,0,0,Semi Skilled Labor,1983,1,1,2019,31.0,3.0,2020.0,1,0,0
1,1,1,31,0,0,Unskilled Labor,1967,1,6,2020,25.0,9.0,2020.0,1,0,0
1,1,1,30,0,0,Semi Skilled Labor,1955,1,3,2020,31.0,3.0,2020.0,1,0,0
1,1,1,1,0,0,Skilled Labor,1983,1,1,2019,1.0,6.0,2021.0,1,0,0
1,1,1,31,0,0,Unskilled Labor,1976,1,1,2019,31.0,5.0,2022.0,1,0,0
1,3,1,31,1,0,Unskilled Labor,1983,1,1,2019,,,,1,0,0
1,1,0,1,0,0,Skilled Labor,1992,1,4,2021,28.0,2.0,2022.0,1,0,0
1,1,1,31,0,0,Unskilled Labor,1959,1,1,2019,28.0,11.0,2020.0,1,0,0
1,5,1,22,0,0,Technical Officer,1985,3,4,2017,27.0,11.0,2021.0,0,0,1
0,1,1,70,0,0,Data Entry Operator,1992,15,5,2017,30.0,8.0,2020.0,0,0,1
1,3,1,69,0,0,Site Supervisor,1989,6,7,2017,3.0,4.0,2020.0,0,0,1
0,1,0,59,1,0,Autocad Draughtsman ,1984,5,6,2017,,,,0,0,1
1,1,1,22,0,0,Technical Officer,1986,19,6,2017,23.0,5.0,2021.0,0,0,1
1,1,1,1,0,0,Skilled Labor,1983,1,2,2021,4.0,5.0,2022.0,1,0,0
1,1,1,124,1,0,Mason,1992,1,1,2019,,,,1,0,0
1,3,0,31,0,0,Unskilled Labor,1995,1,1,2019,31.0,12.0,2020.0,1,0,0
1,1,1,29,1,0,Cook,1957,1,1,2019,,,,1,0,0
1,1,1,22,1,0,Technical Officer,1988,1,7,2017,,,,0,0,1
1,1,1,31,0,0,Unskilled Labor,1958,7,12,2020,31.0,10.0,2021.0,1,0,0
1,3,1,31,0,0,Unskilled Labor,1991,1,1,2019,2.0,3.0,2021.0,1,0,0
1,1,1,37,0,0,Driver-Tractor,1959,28,8,2017,30.0,6.0,2021.0,0,0,1
1,1,1,24,0,0,Driver,1983,9,9,2017,30.0,5.0,2020.0,0,0,1
0,3,1,8,0,0,Quantity Surveyor,1993,15,9,2017,13.0,3.0,2020.0,0,0,1
1,3,0,8,0,0,Quantity Surveyor,1991,15,9,2017,10.0,2.0,2022.0,0,0,1
1,1,0,24,0,0,Driver,1994,2,10,2017,12.0,6.0,2020.0,0,0,1
0,1,0,65,0,0,Design Engineer,1994,1,11,2017,25.0,1.0,2021.0,0,0,1
1,1,0,8,0,0,Quantity Surveyor,1992,22,12,2017,21.0,10.0,2020.0,0,0,1
1,1,0,72,1,0,IT Executive,1990,15,1,2018,,,,0,0,1
0,1,0,8,1,0,Quantity Surveyor,1993,15,1,2018,,,,0,0,1
1,1,1,1,0,0,Skilled Labor,1983,1,1,2019,30.0,6.0,2020.0,1,0,0
1,1,1,1,0,0,Skilled Labor,1983,1,1,2019,30.0,11.0,2020.0,1,0,0
0,1,1,31,1,0,Unskilled Labor,1970,1,1,2019,,,,1,0,0
1,1,1,1,0,0,Skilled Labor,1994,9,1,2019,31.0,12.0,2020.0,1,0,0
1,3,0,31,0,0,Unskilled Labor,1997,1,1,2019,12.0,1.0,2022.0,1,0,0
1,5,0,69,0,0,Site Supervisor,1997,16,2,2018,28.0,2.0,2021.0,0,0,1
1,1,1,107,1,0,Social Environment Officer,1991,22,2,2018,,,,0,0,1
1,5,0,27,0,0,Supervisor,1994,18,4,2018,11.0,8.0,2020.0,0,0,1
1,1,0,43,0,0,Operator - JCB,1993,20,4,2018,31.0,5.0,2020.0,0,0,1
0,1,0,88,0,0,Trainee QS,1995,2,10,2019,30.0,6.0,2020.0,0,0,1
0,1,0,111,0,0,Management Trainee,1994,22,10,2019,31.0,8.0,2020.0,0,0,1
1,1,0,89,1,0,Planning Engineer,1990,22,4,2019,,,,0,0,1
1,1,1,97,0,0,Foreman,1978,6,6,2019,19.0,6.0,2020.0,0,1,0
1,1,0,101,0,0,Excavator Operator,2001,5,12,2020,31.0,5.0,2021.0,0,0,1
1,1,1,24,0,0,Driver,1973,1,9,2019,27.0,12.0,2022.0,0,0,1
0,1,0,175,1,0,Store Supervisor,1984,14,10,2019,,,,0,0,1
1,1,0,17,0,0,Account Executive,1996,25,10,2019,10.0,3.0,2020.0,0,0,1
1,1,0,78,0,0,Assistant Accountant,1992,19,7,2018,17.0,7.0,2020.0,0,0,1
1,1,1,193,0,0,Manager Finance & Operations,1983,1,11,2018,20.0,7.0,2022.0,0,1,0
1,1,1,127,1,0,Chief Operating Officer,1972,1,11,2018,,,,0,1,0
1,1,1,110,1,0,Chief Executive Officer,1983,1,11,2018,,,,0,1,0
1,1,0,79,0,0,Helper - Lorry,1995,18,12,2018,31.0,8.0,2020.0,0,0,1
0,1,1,84,0,0,HR Executive,1992,21,1,2019,4.0,12.0,2020.0,0,0,1
1,1,0,88,0,0,Trainee QS,1998,11,3,2019,5.0,12.0,2020.0,0,0,1
1,1,0,88,0,0,Trainee QS,1997,11,3,2019,10.0,6.0,2020.0,0,0,1
1,1,0,113,0,0,Operation Executive,1995,15,5,2019,18.0,9.0,2021.0,0,0,1
1,1,1,45,0,0,Construction Manager,1966,3,6,2019,20.0,9.0,2021.0,0,1,0
1,4,0,98,0,0,Store Executive,1985,12,6,2019,28.0,10.0,2020.0,0,0,1
0,1,1,84,0,0,HR Executive,1990,5,8,2019,28.0,2.0,2021.0,0,0,1
1,1,0,24,0,0,Driver,1992,5,9,2019,31.0,5.0,2021.0,0,0,1
0,1,1,104,0,0,Accountant,1983,1,11,2019,12.0,6.0,2020.0,0,0,1
0,1,0,143,0,0,HR Assistant,1999,1,8,2020,12.0,12.0,2020.0,0,0,1
1,1,1,22,1,1,Technical Officer,1965,12,7,1999,,,,0,0,1
1,1,1,7,1,1,Store Keeper,1981,29,9,2003,,,,0,0,1
1,1,1,36,1,0,Engineer Assistant,1988,10,8,2019,,,,0,0,1
1,1,1,8,0,0,Quantity Surveyor,1990,5,8,2019,15.0,8.0,2020.0,0,0,1
1,1,1,22,0,0,Technical Officer,1983,1,8,2019,13.0,6.0,2020.0,0,0,1
1,1,1,36,0,0,Engineer Assistant,1961,1,8,2019,19.0,11.0,2020.0,0,0,1
1,5,0,22,0,0,Technical Officer,1983,1,8,2019,31.0,12.0,2019.0,0,0,1
1,1,1,22,0,0,Technical Officer,1995,1,8,2019,14.0,12.0,2019.0,0,0,1
1,1,1,22,0,0,Technical Officer,1991,15,8,2019,31.0,1.0,2020.0,0,0,1
1,1,0,22,0,0,Technical Officer,1992,2,8,2019,7.0,12.0,2019.0,0,0,1
1,1,1,27,0,0,Supervisor,1993,1,8,2019,30.0,11.0,2019.0,0,0,1
1,1,0,22,1,0,Technical Officer,1991,22,8,2019,,,,0,0,1
0,1,0,157,1,0,Business Analyst,1988,1,12,2019,,,,0,0,1
1,1,1,22,0,0,Technical Officer,1961,13,1,2020,24.0,6.0,2020.0,0,0,1
0,1,0,48,0,0,Draughtsman,1996,27,1,2020,30.0,11.0,2021.0,0,0,1
1,3,0,22,0,0,Technical Officer,1993,6,1,2020,31.0,1.0,2020.0,0,0,1
1,1,1,33,0,0,Site Engineer,1981,13,1,2020,30.0,7.0,2021.0,0,0,1
1,1,1,6,0,0,Project Manager,1984,2,12,2019,18.0,9.0,2020.0,0,0,1
1,1,1,7,1,0,Store Keeper,1996,4,12,2019,,,,0,0,1
0,1,0,89,0,0,Planning Engineer,1993,4,12,2019,3.0,5.0,2021.0,0,0,1
1,3,0,22,0,0,Technical Officer,1994,10,12,2019,14.0,2.0,2021.0,0,0,1
0,1,1,84,0,0,HR Executive,1986,26,12,2019,31.0,7.0,2020.0,0,0,1
1,3,1,9,0,0,Assistance QS,1995,30,12,2019,12.0,9.0,2022.0,0,0,1
1,1,1,27,0,0,Supervisor,1971,30,12,2019,30.0,4.0,2022.0,0,0,1
1,1,1,7,0,0,Store Keeper,1946,1,7,2019,31.0,7.0,2021.0,0,0,1
1,1,1,33,0,0,Site Engineer,1983,26,2,2019,31.0,10.0,2021.0,0,0,1
1,3,0,8,0,0,Quantity Surveyor,1993,24,7,2019,28.0,2.0,2022.0,0,0,1
1,5,0,33,0,0,Site Engineer,1994,23,4,2019,29.0,9.0,2020.0,0,0,1
1,1,1,64,0,0,Safety Officer,1984,24,7,2019,26.0,2.0,2022.0,0,0,1
1,1,0,27,0,0,Supervisor,1991,23,7,2019,30.0,7.0,2021.0,0,0,1
1,1,0,27,1,0,Supervisor,1993,23,7,2019,,,,0,0,1
1,1,0,8,0,0,Quantity Surveyor,1987,1,7,2019,30.0,11.0,2021.0,0,0,1
1,1,0,36,0,0,Engineer Assistant,1990,15,9,2019,23.0,11.0,2020.0,0,0,1
1,1,0,108,1,0,QAQC Engineer,1992,15,9,2019,,,,0,0,1
1,1,1,6,0,0,Project Manager,1965,2,6,2018,12.0,2.0,2021.0,0,0,1
0,1,0,48,0,0,Draughtsman,1993,26,8,2019,25.0,10.0,2021.0,0,0,1
1,1,0,22,1,0,Technical Officer,1990,2,9,2019,,,,0,0,1
1,1,1,6,0,0,Project Manager,1981,12,9,2019,28.0,2.0,2022.0,0,0,1
1,1,0,48,0,0,Draughtsman,1993,16,9,2019,30.0,4.0,2022.0,0,0,1
1,1,0,27,0,0,Supervisor,1989,22,8,2019,30.0,4.0,2021.0,0,0,1
1,1,0,33,0,0,Site Engineer,1992,26,12,2018,31.0,10.0,2020.0,0,0,1
1,1,1,33,0,0,Site Engineer,1990,8,7,2019,30.0,8.0,2020.0,0,0,1
1,1,1,64,1,0,Safety Officer,1971,1,9,2019,,,,0,0,1
1,3,0,27,0,0,Supervisor,1996,16,9,2019,30.0,11.0,2020.0,0,0,1
1,3,0,36,1,0,Engineer Assistant,1994,16,9,2019,,,,0,0,1
1,1,1,22,0,0,Technical Officer,1989,26,9,2019,17.0,9.0,2020.0,0,0,1
1,3,0,22,0,0,Technical Officer,1989,14,10,2019,10.0,10.0,2022.0,0,0,1
1,1,1,8,0,0,Quantity Surveyor,1966,26,9,2019,30.0,6.0,2020.0,0,0,1
1,1,1,22,0,0,Technical Officer,1987,1,10,2019,31.0,7.0,2020.0,0,0,1
1,3,1,7,0,0,Store Keeper,1952,10,10,2019,30.0,4.0,2021.0,0,0,1
1,3,1,22,0,0,Technical Officer,1985,29,6,2019,15.0,10.0,2020.0,0,0,1
1,1,0,8,0,0,Quantity Surveyor,1996,21,10,2019,14.0,5.0,2022.0,0,0,1
1,3,0,33,0,0,Site Engineer,1987,28,10,2019,23.0,1.0,2022.0,0,0,1
1,3,1,36,1,0,Engineer Assistant,1987,6,11,2019,,,,0,0,1
1,4,1,6,0,0,Project Manager,1971,18,11,2019,17.0,11.0,2020.0,0,0,1
1,1,1,64,1,0,Safety Officer,1968,19,11,2019,,,,0,0,1
1,3,1,6,0,0,Project Manager,1969,20,11,2019,20.0,11.0,2020.0,0,0,1
1,3,1,33,0,0,Site Engineer,1987,20,11,2019,10.0,10.0,2020.0,0,0,1
1,1,1,7,1,0,Store Keeper,1976,25,11,2019,,,,0,0,1
1,1,1,64,0,0,Safety Officer,1969,20,11,2019,31.0,7.0,2020.0,0,0,1
1,1,0,54,0,0,Lab Technician,1981,22,11,2019,14.0,3.0,2020.0,0,0,1
1,1,1,35,0,0,Operator-Excavator,1992,25,11,2019,7.0,9.0,2021.0,0,0,1
1,1,1,8,0,0,Quantity Surveyor,1988,2,12,2019,30.0,9.0,2020.0,0,0,1
1,3,1,8,1,0,Quantity Surveyor,1981,28,11,2005,,,,0,0,1
1,1,1,102,0,0,Tractor Driver,1978,1,12,2018,22.0,8.0,2020.0,0,0,1
1,1,0,39,0,0,Site Engineer-Trainee,1993,4,1,2019,31.0,8.0,2021.0,0,0,1
1,1,0,7,0,0,Store Keeper,1993,2,5,2019,21.0,7.0,2020.0,0,0,1
1,1,1,8,1,0,Quantity Surveyor,1988,15,7,2019,,,,0,0,1
1,1,0,7,0,0,Store Keeper,1994,18,6,2018,30.0,8.0,2020.0,0,0,1
1,1,1,80,0,0,Driver - cab,1985,17,10,2018,29.0,2.0,2020.0,0,0,1
1,1,1,6,0,0,Project Manager,1983,3,6,2019,21.0,10.0,2021.0,0,0,1
1,1,0,36,0,0,Engineer Assistant,1986,20,3,2017,8.0,8.0,2021.0,0,0,1
1,1,1,22,0,0,Technical Officer,1987,12,9,2019,28.0,9.0,2020.0,0,0,1
1,3,0,6,0,0,Project Manager,1991,15,5,2019,12.0,8.0,2021.0,0,0,1
1,5,1,24,0,0,Driver,1976,1,11,2019,6.0,7.0,2020.0,0,0,1
1,5,1,73,1,0,Resident Engineer,1978,18,11,2019,,,,0,0,1
1,1,1,48,0,0,Draughtsman,1983,29,11,2016,30.0,9.0,2020.0,0,0,1
1,1,1,37,0,0,Driver-Tractor,1980,16,12,2017,15.0,9.0,2020.0,0,0,1
1,1,0,31,0,0,Unskilled Labor,1958,22,4,2019,30.0,4.0,2020.0,1,0,0
1,1,1,55,0,0,Fitter,1976,1,1,2019,30.0,6.0,2021.0,1,0,0
1,1,0,31,0,0,Unskilled Labor,1993,1,1,2019,28.0,12.0,2020.0,1,0,0
1,1,1,31,0,0,Unskilled Labor,1971,1,1,2019,31.0,12.0,2020.0,1,0,0
1,1,1,31,0,0,Unskilled Labor,1955,6,12,2020,31.0,5.0,2021.0,1,0,0
1,1,1,55,0,0,Fitter,1991,1,1,2019,31.0,12.0,2020.0,1,0,0
1,1,1,22,0,1,Technical Officer,1978,25,6,1998,16.0,1.0,2021.0,0,0,1
1,1,1,31,0,0,Unskilled Labor,1972,1,1,2019,28.0,11.0,2020.0,1,0,0
1,1,1,31,0,0,Unskilled Labor,1954,1,2,2019,30.0,9.0,2020.0,1,0,0
1,1,1,99,0,0,Resident Site Engineer,1959,24,6,2019,31.0,12.0,2020.0,0,0,1
1,1,1,7,0,0,Store Keeper,1974,24,6,2019,10.0,2.0,2022.0,0,0,1
1,1,0,22,0,0,Technical Officer,1991,7,3,2019,30.0,12.0,2020.0,0,0,1
1,1,1,6,0,0,Project Manager,1987,8,1,2019,31.0,12.0,2020.0,0,0,1
1,1,1,99,0,0,Resident Site Engineer,1955,10,3,2019,2.0,4.0,2020.0,0,0,1
1,1,1,31,0,0,Unskilled Labor,1965,1,2,2019,25.0,11.0,2020.0,1,0,0
1,1,1,31,0,0,Unskilled Labor,1981,1,5,2019,31.0,8.0,2021.0,1,0,0
1,1,1,122,1,0,Security,1958,1,6,2020,,,,1,0,0
1,1,1,22,1,0,Technical Officer,1986,22,12,2016,,,,0,0,1
1,1,0,122,1,0,Security,1991,1,9,2019,,,,1,0,0
1,1,0,31,0,0,Unskilled Labor,1992,1,1,2021,7.0,4.0,2022.0,1,0,0
1,1,1,122,0,0,Security,1961,9,10,2019,22.0,11.0,2020.0,1,0,0
1,1,1,122,0,0,Security,1981,10,10,2019,30.0,3.0,2021.0,1,0,0
1,1,0,48,0,0,Draughtsman,1994,1,6,2018,24.0,2.0,2022.0,0,0,1
1,1,0,31,0,0,Unskilled Labor,1999,8,1,2020,24.0,11.0,2020.0,1,0,0
1,1,1,24,0,0,Driver,1972,10,10,2018,10.0,6.0,2020.0,0,0,1
1,5,0,65,0,0,Design Engineer,1994,12,11,2018,30.0,6.0,2022.0,0,0,1
1,1,0,86,1,0,QA/QC Engineer,1993,25,2,2019,,,,0,0,1
1,1,0,33,0,0,Site Engineer,1992,10,6,2019,18.0,10.0,2021.0,0,0,1
1,3,1,6,0,0,Project Manager,1962,1,4,2020,12.0,12.0,2020.0,0,0,1
0,1,0,125,1,0,Data Colector,1993,10,7,2020,,,,0,0,1
1,1,1,31,0,0,Unskilled Labor,1958,2,2,2020,15.0,1.0,2021.0,1,0,0
0,1,0,125,1,0,Data Colector,1996,3,7,2020,,,,0,0,1
0,1,0,125,0,0,Data Colector,1993,14,5,2018,4.0,9.0,2020.0,0,0,1
1,1,1,31,0,0,Unskilled Labor,1967,3,2,2020,19.0,12.0,2020.0,1,0,0
0,1,1,22,0,0,Technical Officer,1970,1,1,2020,31.0,7.0,2021.0,0,0,1
1,1,1,24,0,0,Driver,1978,7,2,2020,30.0,8.0,2020.0,0,0,1
1,1,1,22,0,0,Technical Officer,1991,6,2,2020,10.0,5.0,2021.0,0,0,1
1,1,1,124,0,0,Mason,1964,2,3,2020,24.0,6.0,2020.0,1,0,0
1,5,0,27,0,0,Supervisor,1993,18,4,2018,31.0,12.0,2020.0,0,0,1
1,1,0,51,0,0,Helper - JCB,2000,12,11,2018,22.0,3.0,2021.0,0,0,1
1,1,1,80,0,0,Driver - cab,1985,1,1,2019,18.0,7.0,2020.0,0,0,1
1,3,1,33,0,0,Site Engineer,1987,12,6,2019,25.0,2.0,2021.0,0,0,1
1,3,0,36,0,0,Engineer Assistant,1991,24,2,2020,17.0,7.0,2021.0,0,0,1
1,1,1,8,1,0,Quantity Surveyor,1987,7,6,2010,,,,0,0,1
1,1,1,64,0,0,Safety Officer,1976,26,11,2019,15.0,9.0,2020.0,0,0,1
1,1,1,1,0,0,Skilled Labor,1978,1,1,2021,30.0,9.0,2021.0,1,0,0
1,1,1,31,0,0,Unskilled Labor,1971,2,4,2019,2.0,9.0,2021.0,1,0,0
1,1,1,31,0,0,Unskilled Labor,1974,2,4,2019,24.0,3.0,2021.0,1,0,0
1,1,0,31,0,0,Unskilled Labor,1984,1,6,2020,28.0,6.0,2022.0,1,0,0
1,1,1,31,0,0,Unskilled Labor,1984,26,12,2020,27.0,2.0,2021.0,1,0,0
1,1,1,31,0,0,Unskilled Labor,1983,15,12,2020,25.0,2.0,2021.0,1,0,0
1,1,1,1,0,0,Skilled Labor,1975,7,9,2020,31.0,12.0,2020.0,1,0,0
1,1,0,7,1,0,Store Keeper,1994,1,2,2017,,,,0,0,1
1,1,1,135,1,0,Wacher,1951,1,10,2019,,,,1,0,0
1,1,1,37,0,0,Driver-Tractor,1958,8,12,2019,31.0,8.0,2020.0,1,0,0
1,1,1,43,0,0,Operator - JCB,1978,4,1,2020,24.0,4.0,2020.0,1,0,0
1,1,0,31,0,0,Unskilled Labor,1999,5,2,2020,17.0,3.0,2020.0,1,0,0
1,1,1,102,0,0,Tractor Driver,1963,14,5,2007,28.0,2.0,2020.0,0,0,1
1,1,0,31,1,0,Unskilled Labor,1983,1,1,2019,,,,1,0,0
1,1,1,31,1,0,Unskilled Labor,1983,27,2,2019,,,,1,0,0
1,3,1,123,0,0,Carpenter,1983,1,1,2020,21.0,3.0,2020.0,1,0,0
1,1,1,123,0,0,Carpenter,1983,1,7,2020,30.0,4.0,2022.0,1,0,0
0,1,1,29,1,0,Cook,1983,1,2,2020,,,,1,0,0
1,1,1,30,1,0,Semi Skilled Labor,1967,7,12,2020,,,,1,0,0
1,1,0,38,0,0,Office Assistant,1993,1,6,2020,17.0,5.0,2022.0,1,0,0
1,1,1,134,0,0,Caretaker,1952,1,7,2019,19.0,12.0,2020.0,1,0,0
1,1,0,31,0,0,Unskilled Labor,2003,28,12,2019,19.0,3.0,2020.0,1,0,0
1,1,0,31,0,0,Unskilled Labor,2003,28,12,2019,19.0,3.0,2020.0,1,0,0
1,1,1,31,0,0,Unskilled Labor,1993,22,1,2020,31.0,12.0,2020.0,1,0,0
1,1,1,31,0,0,Unskilled Labor,1964,12,2,2020,21.0,7.0,2020.0,1,0,0
1,3,0,31,0,0,Unskilled Labor,1983,1,1,2020,31.0,10.0,2021.0,1,0,0
1,1,0,55,0,0,Fitter,1997,28,10,2019,12.0,12.0,2020.0,1,0,0
1,1,0,31,0,0,Unskilled Labor,2001,14,8,2020,22.0,9.0,2020.0,1,0,0
1,1,1,31,0,0,Unskilled Labor,1961,1,6,2020,8.0,6.0,2022.0,1,0,0
1,1,0,31,0,0,Unskilled Labor,1999,20,12,2019,9.0,9.0,2020.0,1,0,0
1,4,1,31,0,0,Unskilled Labor,1990,1,1,2019,20.0,3.0,2022.0,1,0,0
1,4,0,31,1,0,Unskilled Labor,2000,11,3,2020,,,,1,0,0
1,3,0,31,0,0,Unskilled Labor,2000,1,1,2019,9.0,1.0,2022.0,1,0,0
1,3,1,31,0,0,Unskilled Labor,1954,1,1,2019,31.0,5.0,2021.0,1,0,0
1,3,1,31,0,0,Unskilled Labor,1983,1,1,2019,7.0,3.0,2020.0,1,0,0
1,4,1,31,0,0,Unskilled Labor,1961,1,1,2019,31.0,5.0,2021.0,1,0,0
1,3,0,31,0,0,Unskilled Labor,1996,1,1,2019,6.0,3.0,2020.0,1,0,0
1,4,0,31,0,0,Unskilled Labor,2000,1,2,2019,28.0,2.0,2021.0,1,0,0
1,4,1,31,0,0,Unskilled Labor,1966,1,7,2019,31.0,12.0,2019.0,1,0,0
1,3,0,31,0,0,Unskilled Labor,1995,1,6,2019,31.0,7.0,2020.0,1,0,0
1,1,1,31,0,0,Unskilled Labor,1993,15,12,2018,20.0,8.0,2021.0,1,0,0
1,1,1,31,0,0,Unskilled Labor,1968,1,1,2019,31.0,7.0,2020.0,1,0,0
1,1,0,31,0,0,Unskilled Labor,1983,1,9,2019,21.0,9.0,2021.0,1,0,0
1,1,1,1,0,0,Skilled Labor,1980,1,6,2019,26.0,7.0,2020.0,1,0,0
1,1,1,31,0,0,Unskilled Labor,1992,27,10,2019,21.0,5.0,2020.0,1,0,0
1,1,1,31,0,0,Unskilled Labor,1995,1,2,2021,22.0,4.0,2021.0,1,0,0
1,1,0,31,0,0,Unskilled Labor,1999,1,2,2021,22.0,4.0,2021.0,1,0,0
1,3,0,122,1,0,Security,1985,1,6,2020,,,,1,0,0
1,3,1,31,0,0,Unskilled Labor,1978,1,7,2019,9.0,10.0,2022.0,1,0,0
1,3,1,31,0,0,Unskilled Labor,1960,1,7,2019,20.0,8.0,2021.0,1,0,0
1,4,1,31,1,0,Unskilled Labor,1966,1,7,2019,,,,1,0,0
1,4,1,1,0,0,Skilled Labor,1992,1,7,2019,13.0,6.0,2020.0,1,0,0
1,1,1,30,0,0,Semi Skilled Labor,1975,10,12,2020,24.0,12.0,2021.0,1,0,0
1,3,1,122,0,0,Security,1981,1,7,2019,31.0,12.0,2020.0,1,0,0
1,3,0,31,0,0,Unskilled Labor,1998,1,8,2019,21.0,8.0,2021.0,1,0,0
1,3,0,30,0,0,Semi Skilled Labor,1998,18,10,2019,31.0,12.0,2020.0,1,0,0
1,3,1,31,0,0,Unskilled Labor,1972,11,2,2020,25.0,12.0,2020.0,1,0,0
1,3,1,31,0,0,Unskilled Labor,1975,13,2,2020,8.0,3.0,2020.0,1,0,0
1,4,0,31,1,0,Unskilled Labor,1996,11,2,2020,,,,1,0,0
1,3,1,30,0,0,Semi Skilled Labor,1983,6,9,2019,18.0,5.0,2020.0,1,0,0
1,3,1,31,1,0,Unskilled Labor,1981,1,6,2020,,,,1,0,0
1,3,1,122,0,0,Security,1983,6,11,2019,31.0,1.0,2022.0,1,0,0
1,3,0,122,0,0,Security,1983,10,2,2020,30.0,6.0,2022.0,1,0,0
1,1,1,55,0,0,Fitter,1970,6,1,2019,19.0,2.0,2022.0,1,0,0
1,1,0,31,0,0,Unskilled Labor,1996,13,1,2020,3.0,6.0,2020.0,1,0,0
1,1,1,31,0,0,Unskilled Labor,1994,10,6,2020,31.0,12.0,2020.0,1,0,0
1,1,1,31,0,0,Unskilled Labor,1997,21,2,2020,31.0,12.0,2020.0,1,0,0
1,4,1,31,0,0,Unskilled Labor,1983,1,1,2019,31.0,12.0,2020.0,1,0,0
1,3,0,31,0,0,Unskilled Labor,1983,2,1,2020,31.0,5.0,2020.0,1,0,0
1,1,1,1,0,0,Skilled Labor,1983,3,12,2020,21.0,3.0,2022.0,1,0,0
1,1,0,30,0,0,Semi Skilled Labor,1983,1,8,2019,31.0,3.0,2020.0,1,0,0
1,4,1,122,1,0,Security,1973,1,9,2019,,,,1,0,0
1,3,1,30,0,0,Semi Skilled Labor,1982,5,9,2019,31.0,12.0,2020.0,1,0,0
1,4,1,38,0,0,Office Assistant,1987,1,2,2021,30.0,8.0,2022.0,1,0,0
1,3,0,31,0,0,Unskilled Labor,1983,1,12,2019,19.0,5.0,2020.0,1,0,0
1,3,1,122,0,0,Security,1949,25,12,2019,31.0,10.0,2022.0,1,0,0
1,3,0,122,0,0,Security,1995,29,12,2019,31.0,8.0,2022.0,1,0,0
1,1,0,30,0,0,Semi Skilled Labor,1966,11,1,2020,31.0,12.0,2020.0,1,0,0
1,1,1,1,0,0,Skilled Labor,1966,12,1,2020,31.0,3.0,2020.0,1,0,0
1,1,1,30,0,0,Semi Skilled Labor,1983,26,1,2020,31.0,3.0,2020.0,1,0,0
1,3,0,122,0,0,Security,1983,30,1,2020,24.0,4.0,2021.0,1,0,0
1,4,0,122,0,0,Security,1983,1,2,2020,6.0,7.0,2022.0,1,0,0
1,3,1,122,0,0,Security,1983,1,2,2020,30.0,5.0,2020.0,1,0,0
1,3,0,122,0,0,Security,1983,11,2,2020,30.0,11.0,2021.0,1,0,0
1,3,1,30,0,0,Semi Skilled Labor,1983,13,2,2020,31.0,3.0,2020.0,1,0,0
1,3,0,38,0,0,Office Assistant,1983,15,2,2020,31.0,12.0,2021.0,1,0,0
0,1,1,134,1,0,Caretaker,1983,1,6,2020,,,,1,0,0
1,1,1,31,0,0,Unskilled Labor,1970,24,9,2019,14.0,6.0,2020.0,1,0,0
1,1,1,31,0,0,Unskilled Labor,1989,23,9,2019,26.0,7.0,2021.0,1,0,0
1,1,0,31,0,0,Unskilled Labor,1992,10,9,2019,26.0,11.0,2020.0,1,0,0
1,1,1,31,0,0,Unskilled Labor,1984,9,9,2019,14.0,3.0,2022.0,1,0,0
1,1,1,29,0,0,Cook,1979,2,9,2019,21.0,3.0,2021.0,1,0,0
1,1,1,135,1,0,Wacher,1963,6,10,2019,,,,1,0,0
1,1,1,135,0,0,Wacher,1960,8,10,2019,22.0,4.0,2022.0,1,0,0
1,1,1,31,0,0,Unskilled Labor,1971,13,12,2019,20.0,12.0,2020.0,1,0,0
1,1,1,31,0,0,Unskilled Labor,1977,1,6,2020,1.0,6.0,2021.0,1,0,0
1,1,1,31,0,0,Unskilled Labor,1999,1,3,2021,14.0,3.0,2022.0,1,0,0
1,1,1,31,0,0,Unskilled Labor,1980,23,1,2020,14.0,3.0,2022.0,1,0,0
1,1,1,31,0,0,Unskilled Labor,1976,28,1,2020,15.0,3.0,2020.0,1,0,0
1,1,1,31,0,0,Unskilled Labor,1963,28,1,2020,31.0,12.0,2020.0,1,0,0
1,1,1,31,0,0,Unskilled Labor,1986,28,1,2020,31.0,10.0,2021.0,1,0,0
1,1,1,31,0,0,Unskilled Labor,1980,28,1,2020,14.0,3.0,2022.0,1,0,0
1,1,1,31,0,0,Unskilled Labor,1982,28,1,2020,28.0,1.0,2021.0,1,0,0
1,1,1,31,0,0,Unskilled Labor,1968,28,1,2020,29.0,1.0,2021.0,1,0,0
1,1,1,31,0,0,Unskilled Labor,1971,28,1,2020,31.0,12.0,2020.0,1,0,0
1,1,1,31,0,0,Unskilled Labor,1983,28,1,2020,30.0,3.0,2022.0,1,0,0
1,1,1,31,0,0,Unskilled Labor,1986,28,1,2020,15.0,3.0,2020.0,1,0,0
1,1,1,31,0,0,Unskilled Labor,1989,19,2,2020,30.0,3.0,2022.0,1,0,0
1,1,1,31,0,0,Unskilled Labor,1975,21,2,2020,14.0,3.0,2022.0,1,0,0
1,1,1,31,0,0,Unskilled Labor,1985,19,2,2020,2.0,3.0,2022.0,1,0,0
1,1,1,134,0,0,Caretaker,1983,5,2,2020,31.0,3.0,2021.0,1,0,0
1,1,1,30,1,0,Semi Skilled Labor,1984,1,6,2020,,,,1,0,0
1,1,1,31,0,0,Unskilled Labor,1981,1,6,2020,7.0,1.0,2021.0,1,0,0
1,1,1,31,0,0,Unskilled Labor,1984,1,6,2020,30.0,10.0,2021.0,1,0,0
1,1,1,1,0,0,Skilled Labor,1982,1,6,2020,6.0,4.0,2022.0,1,0,0
1,1,1,7,0,0,Store Keeper,1970,20,2,2014,31.0,8.0,2021.0,0,0,1
1,5,0,33,0,0,Site Engineer,1993,8,5,2018,22.0,6.0,2020.0,0,0,1
1,5,1,22,1,0,Technical Officer,1977,1,2,2019,,,,0,0,1
1,1,1,55,0,0,Fitter,1977,24,8,2020,30.0,9.0,2020.0,1,0,0
1,1,1,31,0,0,Unskilled Labor,1975,2,1,2020,29.0,7.0,2020.0,1,0,0
1,1,1,31,0,0,Unskilled Labor,1983,1,1,2019,10.0,9.0,2020.0,1,0,0
1,1,0,1,0,0,Skilled Labor,1996,1,1,2019,31.0,12.0,2020.0,1,0,0
1,1,1,31,0,0,Unskilled Labor,1983,1,1,2019,9.0,4.0,2021.0,1,0,0
1,1,1,31,0,0,Unskilled Labor,1977,3,4,2019,9.0,4.0,2021.0,1,0,0
1,1,1,31,0,0,Unskilled Labor,1960,1,1,2019,9.0,4.0,2021.0,1,0,0
1,1,1,31,0,0,Unskilled Labor,1983,1,7,2019,6.0,3.0,2020.0,1,0,0
1,1,0,70,0,0,Data Entry Operator,1997,17,2,2020,17.0,8.0,2020.0,0,0,1
0,1,0,2,0,0,Secretary,1993,12,2,2020,31.0,7.0,2022.0,0,0,1
1,1,0,48,1,0,Draughtsman,1994,24,2,2020,,,,0,0,1
1,1,0,88,0,0,Trainee QS,1997,2,3,2020,27.0,4.0,2021.0,0,0,1
1,1,0,48,0,0,Draughtsman,1983,2,3,2020,31.0,8.0,2020.0,0,0,1
1,1,1,6,1,0,Project Manager,1964,24,2,2020,,,,0,0,1
1,1,1,107,1,0,Social Environment Officer,1962,6,3,2020,,,,0,0,1
1,1,0,8,1,0,Quantity Surveyor,1988,16,3,2020,,,,0,0,1
1,1,1,8,0,0,Quantity Surveyor,1988,12,2,2020,21.0,9.0,2020.0,0,0,1
1,1,0,7,1,0,Store Keeper,1987,11,5,2020,,,,0,0,1
1,1,0,27,0,0,Supervisor,1995,1,4,2018,31.0,12.0,2020.0,0,0,1
1,1,1,120,0,0,HR Manager,1956,18,5,2020,8.0,10.0,2020.0,0,1,0
1,1,1,29,0,0,Cook,1983,1,1,2019,24.0,9.0,2020.0,1,0,0
1,1,1,1,0,0,Skilled Labor,1983,8,10,2019,17.0,6.0,2020.0,1,0,0
1,1,1,1,0,0,Skilled Labor,1984,1,2,2021,29.0,4.0,2021.0,1,0,0
1,1,1,31,0,0,Unskilled Labor,1971,8,10,2019,11.0,3.0,2020.0,1,0,0
1,1,1,31,1,0,Unskilled Labor,1997,1,2,2021,,,,1,0,0
1,1,1,31,0,0,Unskilled Labor,1983,25,10,2019,10.0,6.0,2020.0,1,0,0
1,1,1,31,0,0,Unskilled Labor,1983,8,12,2020,29.0,4.0,2021.0,1,0,0
1,1,1,31,0,0,Unskilled Labor,1983,1,2,2021,31.0,3.0,2021.0,1,0,0
1,1,1,53,0,0,Pipe Fitter,1983,22,11,2019,15.0,3.0,2020.0,1,0,0
1,1,1,22,0,0,Technical Officer,1985,3,6,2019,10.0,4.0,2021.0,0,0,1
1,5,0,31,0,0,Unskilled Labor,2003,14,2,2020,17.0,3.0,2020.0,1,0,0
1,1,0,128,0,0,Construction Supervisor,1996,23,9,2019,6.0,11.0,2021.0,0,0,1
1,1,1,31,0,0,Unskilled Labor,1997,1,8,2019,24.0,4.0,2020.0,1,0,0
1,1,1,31,0,0,Unskilled Labor,1996,1,8,2019,30.0,5.0,2020.0,1,0,0
1,1,1,31,0,0,Unskilled Labor,1968,14,10,2019,15.0,3.0,2020.0,1,0,0
1,1,1,31,1,0,Unskilled Labor,1985,1,2,2021,,,,1,0,0
1,1,1,32,0,0,OPE-Compresure Breaker,1959,16,7,2010,27.0,6.0,2020.0,0,0,1
1,1,1,31,0,0,Unskilled Labor,1992,1,6,2020,19.0,2.0,2021.0,1,0,0
1,1,1,1,0,0,Skilled Labor,1996,1,6,2020,27.0,7.0,2021.0,1,0,0
1,1,1,31,0,0,Unskilled Labor,1969,15,10,2019,23.0,6.0,2020.0,1,0,0
1,1,1,31,0,0,Unskilled Labor,1997,7,10,2019,31.0,12.0,2020.0,1,0,0
1,1,0,31,0,0,Unskilled Labor,1995,10,10,2019,30.0,12.0,2020.0,1,0,0
1,1,1,31,0,0,Unskilled Labor,1996,1,11,2019,15.0,3.0,2020.0,1,0,0
1,1,1,31,0,0,Unskilled Labor,1983,1,6,2020,12.0,3.0,2022.0,1,0,0
1,1,1,31,0,0,Unskilled Labor,1985,1,6,2020,23.0,7.0,2021.0,1,0,0
1,1,1,1,0,0,Skilled Labor,1980,4,1,2020,28.0,2.0,2022.0,1,0,0
1,1,1,1,0,0,Skilled Labor,1971,4,1,2020,15.0,3.0,2020.0,1,0,0
1,1,1,1,0,0,Skilled Labor,1988,16,1,2020,29.0,3.0,2021.0,1,0,0
1,1,1,31,0,0,Unskilled Labor,1977,9,1,2020,12.0,3.0,2020.0,1,0,0
1,1,1,37,0,0,Driver-Tractor,1974,1,12,2018,15.0,3.0,2021.0,0,0,1
1,1,1,31,0,0,Unskilled Labor,1988,25,2,2020,15.0,3.0,2020.0,1,0,0
1,1,1,31,1,0,Unskilled Labor,1969,25,2,2020,,,,1,0,0
1,1,1,1,0,0,Skilled Labor,1974,18,2,2020,30.0,4.0,2020.0,1,0,0
1,1,0,31,0,0,Unskilled Labor,2003,19,2,2020,6.0,3.0,2020.0,1,0,0
1,1,0,31,0,0,Unskilled Labor,1999,4,3,2020,31.0,7.0,2021.0,1,0,0
1,1,1,31,0,0,Unskilled Labor,1983,22,11,2019,30.0,6.0,2020.0,1,0,0
1,1,1,31,0,0,Unskilled Labor,1983,1,2,2021,13.0,2.0,2021.0,1,0,0
1,1,1,31,0,0,Unskilled Labor,1983,22,11,2019,31.0,12.0,2019.0,1,0,0
1,1,1,31,0,0,Unskilled Labor,1983,22,11,2019,10.0,6.0,2020.0,1,0,0
1,1,1,31,0,0,Unskilled Labor,1983,22,11,2019,30.0,6.0,2020.0,1,0,0
1,1,1,31,0,0,Unskilled Labor,1957,11,11,2019,31.0,12.0,2019.0,1,0,0
1,1,0,31,0,0,Unskilled Labor,2001,7,12,2019,17.0,6.0,2020.0,1,0,0
1,1,1,31,0,0,Unskilled Labor,1972,2,12,2019,31.0,12.0,2020.0,1,0,0
1,1,1,31,0,0,Unskilled Labor,1968,7,3,2020,17.0,3.0,2020.0,1,0,0
1,3,0,30,0,0,Semi Skilled Labor,1994,28,2,2020,3.0,6.0,2020.0,1,0,0
1,1,1,31,0,0,Unskilled Labor,1960,5,3,2020,20.0,12.0,2020.0,1,0,0
1,1,1,31,0,0,Unskilled Labor,1982,12,3,2020,29.0,9.0,2020.0,1,0,0
1,1,1,1,0,0,Skilled Labor,1976,1,1,2019,31.0,12.0,2019.0,1,0,0
1,1,0,31,0,0,Unskilled Labor,2000,12,3,2020,17.0,3.0,2020.0,1,0,0
1,3,0,122,0,0,Security,1992,20,3,2020,26.0,10.0,2021.0,1,0,0
1,3,0,122,0,0,Security,2000,20,3,2020,30.0,4.0,2020.0,1,0,0
1,1,1,31,0,0,Unskilled Labor,1964,23,2,2020,23.0,6.0,2020.0,1,0,0
1,1,1,31,0,0,Unskilled Labor,1976,16,2,2020,15.0,3.0,2020.0,1,0,0
1,1,1,31,0,0,Unskilled Labor,1973,25,2,2020,16.0,3.0,2020.0,1,0,0
1,1,1,31,0,0,Unskilled Labor,1983,7,12,2020,21.0,6.0,2021.0,1,0,0
1,1,0,31,0,0,Unskilled Labor,1998,16,3,2020,6.0,1.0,2021.0,1,0,0
1,1,1,1,0,0,Skilled Labor,1979,2,12,2019,29.0,9.0,2020.0,1,0,0
1,1,1,31,0,0,Unskilled Labor,1969,23,1,2020,27.0,2.0,2021.0,1,0,0
1,1,0,80,0,0,Driver - cab,1998,19,2,2020,21.0,3.0,2020.0,0,0,1
0,1,0,125,0,0,Data Colector,1993,13,2,2020,19.0,12.0,2020.0,0,0,1
1,1,0,27,0,0,Supervisor,1983,1,8,2019,30.0,9.0,2020.0,0,0,1
1,1,0,35,0,0,Operator-Excavator,1983,4,8,2018,26.0,9.0,2020.0,0,0,1
1,1,1,31,0,0,Unskilled Labor,1987,28,7,2020,10.0,9.0,2020.0,1,0,0
1,1,1,55,0,0,Fitter,1955,2,7,2015,30.0,9.0,2022.0,0,0,1
1,1,1,55,0,0,Fitter,1983,1,2,2021,9.0,6.0,2022.0,1,0,0
1,1,1,27,1,0,Supervisor,1968,1,3,2017,,,,0,0,1
1,1,1,31,0,0,Unskilled Labor,1983,2,12,2019,10.0,6.0,2020.0,1,0,0
1,3,1,31,0,0,Unskilled Labor,1983,19,2,2020,17.0,3.0,2020.0,1,0,0
1,1,1,116,0,0,Assistant General Manager,1976,16,10,2019,30.0,6.0,2020.0,0,1,0
1,1,1,97,0,0,Foreman,1991,1,3,2019,29.0,9.0,2020.0,0,0,1
1,1,1,107,1,0,Social Environment Officer,1961,19,8,2019,,,,0,0,1
1,1,1,68,1,0,Assistant Store Keeper,1957,17,5,2019,,,,0,0,1
1,1,0,55,0,0,Fitter,1999,29,2,2020,31.0,10.0,2020.0,1,0,0
1,3,0,108,0,0,QAQC Engineer,1983,7,2,2020,20.0,6.0,2020.0,0,0,1
1,1,0,31,0,0,Unskilled Labor,2001,29,2,2020,31.0,10.0,2020.0,1,0,0
1,1,1,31,0,0,Unskilled Labor,1978,8,12,2020,31.0,5.0,2021.0,1,0,0
1,1,1,22,0,0,Technical Officer,1981,3,3,2020,30.0,11.0,2021.0,0,0,1
1,1,1,31,0,0,Unskilled Labor,1983,11,11,2019,5.0,8.0,2022.0,1,0,0
1,1,0,129,0,0,Stores Helper,1995,1,2,2020,31.0,10.0,2020.0,1,0,0
1,1,1,104,0,0,Accountant,1980,1,6,2020,10.0,6.0,2020.0,0,1,0
1,1,1,31,0,0,Unskilled Labor,1970,9,9,2019,28.0,2.0,2022.0,1,0,0
1,1,1,31,0,0,Unskilled Labor,1993,18,9,2019,14.0,3.0,2022.0,1,0,0
1,1,1,134,1,0,Caretaker,1983,2,2,2020,,,,1,0,0
1,3,1,71,0,0,Land Supervisor,1980,14,7,2017,4.0,3.0,2022.0,0,0,1
1,1,1,31,0,0,Unskilled Labor,1993,2,3,2020,26.0,12.0,2020.0,1,0,0
1,1,1,31,0,0,Unskilled Labor,1953,2,3,2020,17.0,6.0,2022.0,1,0,0
1,5,1,132,0,0,Senior Design Engineer,1973,27,5,2020,21.0,2.0,2022.0,0,0,1
1,1,1,133,0,0,Senior Purchasing Officer,1985,3,6,2020,31.0,10.0,2020.0,0,0,1
1,1,0,38,1,0,Office Assistant,1994,2,4,2020,,,,1,0,0
1,1,1,31,0,0,Unskilled Labor,1986,22,4,2020,18.0,2.0,2021.0,1,0,0
1,1,1,122,1,0,Security,1983,1,9,2019,,,,1,0,0
1,1,1,31,0,0,Unskilled Labor,1983,1,12,2020,25.0,3.0,2022.0,1,0,0
1,4,1,31,0,0,Unskilled Labor,1968,12,5,2020,31.0,10.0,2020.0,1,0,0
1,1,1,64,1,0,Safety Officer,1976,12,6,2020,,,,0,0,1
1,4,1,31,0,0,Unskilled Labor,1979,12,5,2020,9.0,6.0,2020.0,1,0,0
1,4,0,1,0,0,Skilled Labor,1979,18,5,2020,31.0,10.0,2020.0,1,0,0
1,3,1,1,0,0,Skilled Labor,1994,14,5,2020,23.0,6.0,2020.0,1,0,0
1,1,1,31,0,0,Unskilled Labor,1978,1,2,2021,31.0,3.0,2021.0,1,0,0
1,1,1,30,0,0,Semi Skilled Labor,1966,23,11,2019,9.0,4.0,2022.0,1,0,0
1,1,1,31,0,0,Unskilled Labor,1983,25,11,2019,18.0,12.0,2020.0,1,0,0
1,1,1,1,0,0,Skilled Labor,1969,1,2,2021,31.0,3.0,2021.0,1,0,0
1,3,1,33,0,0,Site Engineer,1982,15,6,2020,14.0,7.0,2022.0,0,0,1
1,1,0,8,0,0,Quantity Surveyor,1992,20,6,2020,10.0,12.0,2020.0,0,0,1
1,4,0,27,0,0,Supervisor,1995,23,6,2020,17.0,9.0,2020.0,0,0,1
1,1,1,24,0,0,Driver,1995,24,6,2020,7.0,8.0,2020.0,0,0,1
1,1,0,108,0,0,QAQC Engineer,1991,1,7,2020,19.0,11.0,2020.0,0,0,1
1,3,1,6,0,0,Project Manager,1953,16,6,2020,3.0,11.0,2020.0,0,0,1
1,3,1,8,0,0,Quantity Surveyor,1989,13,7,2020,29.0,1.0,2022.0,0,0,1
1,1,1,64,0,0,Safety Officer,1975,24,6,2020,26.0,1.0,2021.0,0,0,1
1,1,1,62,0,0,S/Skill,1957,1,6,2020,30.0,6.0,2020.0,1,0,0
1,1,1,24,0,0,Driver,1980,8,6,2020,15.0,10.0,2021.0,0,0,1
0,1,1,138,1,0,Receptionist,1994,10,7,2020,,,,0,0,1
0,1,1,17,0,0,Account Executive,1989,23,7,2020,2.0,11.0,2020.0,0,0,1
1,4,1,104,0,0,Accountant,1985,6,8,2020,23.0,10.0,2020.0,0,1,0
1,3,0,140,0,0,Surveyor Trainee,1994,22,6,2020,28.0,11.0,2020.0,0,0,1
1,1,0,8,0,0,Quantity Surveyor,1992,10,8,2020,30.0,9.0,2022.0,0,0,1
1,1,0,93,0,0,Transport Assistant,1998,10,8,2020,15.0,3.0,2021.0,0,0,1
1,3,1,30,0,0,Semi Skilled Labor,1959,8,8,2020,28.0,9.0,2020.0,1,0,0
1,3,1,36,0,0,Engineer Assistant,1979,27,8,2020,31.0,10.0,2020.0,0,0,1
1,4,1,31,0,0,Unskilled Labor,1993,19,8,2020,22.0,9.0,2020.0,1,0,0
1,4,1,1,0,0,Skilled Labor,1977,11,8,2020,26.0,9.0,2020.0,1,0,0
1,3,1,31,0,0,Unskilled Labor,1992,20,8,2020,21.0,9.0,2020.0,1,0,0
1,4,0,84,0,0,HR Executive,1991,9,9,2020,16.0,12.0,2020.0,0,0,1
1,1,0,22,0,0,Technical Officer,1992,11,9,2020,21.0,2.0,2021.0,0,0,1
1,1,1,7,0,0,Store Keeper,1980,15,9,2020,30.0,9.0,2021.0,0,0,1
0,1,0,177,1,0,Junior HR Executive,1999,1,12,2020,,,,0,0,1
1,1,0,33,0,0,Site Engineer,1993,21,9,2020,12.0,2.0,2021.0,0,0,1
1,1,1,24,0,0,Driver,1975,8,9,2020,30.0,11.0,2020.0,0,0,1
1,1,0,70,0,0,Data Entry Operator,1998,2,10,2020,3.0,10.0,2020.0,0,0,1
1,1,1,8,0,0,Quantity Surveyor,1982,5,10,2020,7.0,8.0,2021.0,0,0,1
1,1,1,144,0,0,Tractor Driver cum Mechanic,1967,6,10,2020,31.0,12.0,2020.0,0,0,1
1,1,1,24,0,0,Driver,1983,14,7,2020,26.0,9.0,2020.0,0,0,1
1,3,0,146,0,0,Assistant Site Engineer,2005,9,10,2020,31.0,8.0,2021.0,0,0,1
1,1,1,7,0,0,Store Keeper,1988,19,10,2020,24.0,10.0,2020.0,0,0,1
1,1,0,33,0,0,Site Engineer,1994,19,10,2020,21.0,7.0,2021.0,0,0,1
1,1,1,48,0,0,Draughtsman,1984,19,10,2020,23.0,11.0,2020.0,0,0,1
1,1,0,27,0,0,Supervisor,1997,17,10,2020,31.0,10.0,2020.0,0,0,1
0,1,0,147,0,0,Trainee Technical Officer,1993,28,10,2020,29.0,1.0,2021.0,0,0,1
1,1,1,176,0,0,Logistic & Operations Supervisor,1983,9,11,2020,31.0,5.0,2022.0,0,0,1
1,1,0,8,0,0,Quantity Surveyor,1990,9,11,2020,10.0,12.0,2020.0,0,0,1
1,1,0,27,0,0,Supervisor,1998,9,11,2020,22.0,9.0,2021.0,0,0,1
1,1,0,27,0,0,Supervisor,1997,9,11,2020,1.0,12.0,2020.0,0,0,1
1,1,0,40,0,0,Purchasing Officer,1996,11,11,2020,27.0,9.0,2021.0,0,0,1
1,5,1,22,0,0,Technical Officer,1985,18,11,2020,26.0,1.0,2022.0,0,0,1
1,1,1,80,1,0,Driver - cab,1968,18,11,2020,,,,0,0,1
1,1,1,43,0,0,Operator - JCB,1991,18,11,2020,30.0,11.0,2020.0,0,0,1
1,1,1,1,0,0,Skilled Labor,1971,17,11,2020,5.0,9.0,2021.0,1,0,0
1,1,0,22,0,0,Technical Officer,2000,25,11,2020,22.0,1.0,2021.0,0,0,1
1,1,0,48,1,0,Draughtsman,1995,1,12,2020,,,,0,0,1
1,1,0,95,1,0,Welder,1998,3,12,2020,,,,0,0,1
1,1,0,24,0,0,Driver,1999,9,12,2020,31.0,8.0,2021.0,0,0,1
0,1,0,17,0,0,Account Executive,1993,14,12,2020,13.0,8.0,2021.0,0,0,1
0,1,1,149,0,0,HR Consultant-Payroll,1970,23,11,2020,30.0,6.0,2021.0,0,0,1
1,1,0,27,0,0,Supervisor,1995,16,12,2020,24.0,12.0,2021.0,0,0,1
1,1,1,8,0,0,Quantity Surveyor,1987,11,12,2020,11.0,3.0,2021.0,0,0,1
1,5,1,36,1,0,Engineer Assistant,1983,19,12,2020,,,,0,0,1
0,1,1,120,0,0,HR Manager,1976,2,10,2020,31.0,3.0,2021.0,0,1,0
1,3,0,33,0,0,Site Engineer,1995,28,12,2020,31.0,7.0,2021.0,0,0,1
1,1,0,89,0,0,Planning Engineer,1993,6,1,2021,16.0,8.0,2021.0,0,0,1
1,1,0,22,0,0,Technical Officer,1991,7,1,2021,31.0,5.0,2021.0,0,0,1
1,1,1,8,0,0,Quantity Surveyor,1985,11,1,2021,24.0,4.0,2021.0,0,0,1
1,1,1,17,0,0,Account Executive,1986,15,1,2021,19.0,1.0,2021.0,0,0,1
1,3,1,22,0,0,Technical Officer,1989,15,1,2021,31.0,12.0,2021.0,0,0,1
1,1,1,6,0,0,Project Manager,1964,25,1,2021,28.0,2.0,2022.0,0,0,1
1,1,1,153,1,0,Store Labour,1994,1,2,2021,,,,1,0,0
1,1,0,17,0,0,Account Executive,1994,5,2,2021,31.0,7.0,2021.0,0,0,1
1,3,1,36,0,0,Engineer Assistant,1994,20,2,2021,22.0,6.0,2021.0,0,0,1
1,1,1,66,0,0,HR & Admin Officer,1975,16,2,2021,15.0,8.0,2021.0,0,1,0
1,1,1,78,0,0,Assistant Accountant,1990,11,3,2021,21.0,7.0,2021.0,0,1,0
1,3,1,7,0,0,Store Keeper,1996,12,3,2021,1.0,4.0,2022.0,0,0,1
1,1,1,122,0,0,Security,1980,4,2,2021,30.0,6.0,2022.0,1,0,0
1,1,1,55,0,0,Fitter,1997,1,2,2021,31.0,10.0,2021.0,1,0,0
1,1,1,134,0,0,Caretaker,1952,12,3,2021,19.0,4.0,2022.0,1,0,0
1,1,1,48,1,0,Draughtsman,1978,22,3,2021,,,,0,0,1
1,1,1,108,0,0,QAQC Engineer,1983,2,4,2021,25.0,6.0,2022.0,0,0,1
1,1,1,22,1,0,Technical Officer,1987,5,4,2021,,,,0,0,1
1,1,1,104,0,0,Accountant,1989,19,4,2021,25.0,8.0,2021.0,0,1,0
1,1,0,9,0,0,Assistance QS,1995,19,4,2021,12.0,8.0,2021.0,0,0,1
1,1,1,1,0,0,Skilled Labor,1964,24,4,2021,31.0,10.0,2021.0,1,0,0
1,1,1,162,0,0,Chief Project Officer,1970,20,4,2021,10.0,12.0,2021.0,0,1,0
1,1,1,163,0,0,Manager Transport and Logistic,1975,27,4,2021,19.0,8.0,2021.0,0,1,0
0,1,0,161,0,0,QS Contract,1992,27,4,2021,31.0,8.0,2021.0,0,0,1
1,1,1,27,0,0,Supervisor,1969,11,5,2021,31.0,1.0,2022.0,0,0,1
1,1,1,27,0,0,Supervisor,1963,11,5,2021,14.0,8.0,2021.0,0,0,1
1,1,1,31,0,0,Unskilled Labor,1981,14,5,2021,21.0,11.0,2022.0,1,0,0
1,3,1,30,0,0,Semi Skilled Labor,1954,3,5,2021,31.0,10.0,2021.0,1,0,0
1,3,1,30,0,0,Semi Skilled Labor,1992,5,5,2021,31.0,10.0,2021.0,1,0,0
1,1,1,43,0,0,Operator - JCB,1980,18,5,2021,12.0,3.0,2022.0,1,0,0
1,5,1,8,0,0,Quantity Surveyor,1993,17,5,2021,17.0,12.0,2022.0,0,0,1
1,3,1,122,1,0,Security,1983,6,2,2021,,,,1,0,0
1,3,1,122,1,0,Security,1983,6,2,2021,,,,1,0,0
1,1,1,122,0,0,Security,1978,21,5,2021,26.0,7.0,2022.0,1,0,0
1,1,1,122,0,0,Security,1979,21,5,2021,28.0,11.0,2022.0,1,0,0
1,1,1,24,0,0,Driver,1968,13,5,2021,8.0,4.0,2022.0,1,0,0
1,1,1,122,0,0,Security,1992,24,5,2021,6.0,5.0,2022.0,1,0,0
1,1,1,55,0,0,Fitter,1975,2,6,2021,26.0,3.0,2022.0,1,0,0
1,1,1,31,0,0,Unskilled Labor,1959,2,6,2021,31.0,10.0,2021.0,1,0,0
1,1,1,31,0,0,Unskilled Labor,1976,1,6,2021,31.0,12.0,2021.0,1,0,0
1,1,1,29,0,0,Cook,1983,1,6,2021,23.0,7.0,2022.0,1,0,0
1,3,1,33,0,0,Site Engineer,1994,5,6,2021,17.0,1.0,2022.0,0,0,1
1,1,1,31,0,0,Unskilled Labor,1983,10,6,2021,2.0,4.0,2022.0,1,0,0
1,1,1,4,0,0,Bar Bender,1958,10,6,2021,31.0,12.0,2021.0,1,0,0
1,1,1,31,0,0,Unskilled Labor,1987,8,6,2021,11.0,4.0,2022.0,1,0,0
1,1,1,31,0,0,Unskilled Labor,1978,14,6,2021,1.0,4.0,2022.0,1,0,0
1,1,1,124,0,0,Mason,1977,14,6,2021,8.0,4.0,2022.0,1,0,0
1,1,1,124,0,0,Mason,1969,14,6,2021,8.0,4.0,2022.0,1,0,0
1,1,1,31,0,0,Unskilled Labor,1981,15,6,2021,11.0,4.0,2022.0,1,0,0
1,1,0,31,0,0,Unskilled Labor,2003,1,6,2021,15.0,2.0,2022.0,1,0,0
1,1,0,31,0,0,Unskilled Labor,2002,2,6,2021,9.0,4.0,2022.0,1,0,0
1,1,0,31,0,0,Unskilled Labor,2002,2,6,2021,3.0,1.0,2022.0,1,0,0
1,1,1,31,0,0,Unskilled Labor,1994,2,6,2021,16.0,6.0,2022.0,1,0,0
1,1,1,31,0,0,Unskilled Labor,1958,3,6,2021,17.0,6.0,2022.0,1,0,0
1,1,1,31,1,0,Unskilled Labor,1962,3,6,2021,,,,1,0,0
1,1,1,31,0,0,Unskilled Labor,1963,5,6,2021,9.0,4.0,2022.0,1,0,0
1,1,1,30,0,0,Semi Skilled Labor,1998,14,6,2021,31.0,12.0,2021.0,1,0,0
1,1,0,31,0,0,Unskilled Labor,2001,14,6,2021,23.0,2.0,2022.0,1,0,0
1,1,1,55,0,0,Fitter,1998,14,6,2021,9.0,4.0,2022.0,1,0,0
1,1,1,31,0,0,Unskilled Labor,1971,15,6,2021,31.0,10.0,2021.0,1,0,0
1,1,1,31,0,0,Unskilled Labor,1968,18,6,2021,30.0,4.0,2022.0,1,0,0
1,3,1,31,0,0,Unskilled Labor,1978,21,6,2021,30.0,3.0,2022.0,1,0,0
1,1,1,31,0,0,Unskilled Labor,1962,4,6,2021,30.0,3.0,2022.0,1,0,0
1,1,1,80,1,0,Driver - cab,1965,15,6,2021,,,,1,0,0
1,1,1,31,0,0,Unskilled Labor,1965,17,6,2021,30.0,4.0,2022.0,1,0,0
1,1,1,55,0,0,Fitter,1961,18,6,2021,4.0,6.0,2022.0,1,0,0
0,1,1,31,0,0,Unskilled Labor,1998,23,6,2021,16.0,3.0,2022.0,1,0,0
1,1,1,31,0,0,Unskilled Labor,1972,7,6,2021,31.0,10.0,2021.0,1,0,0
1,1,1,31,0,0,Unskilled Labor,1962,2,6,2021,31.0,3.0,2022.0,1,0,0
1,1,1,31,0,0,Unskilled Labor,1967,30,6,2021,26.0,3.0,2022.0,1,0,0
1,1,1,31,0,0,Unskilled Labor,1983,28,6,2021,1.0,4.0,2022.0,1,0,0
1,1,1,90,0,0,Assistant manager - HR,1990,18,6,2021,28.0,2.0,2022.0,0,0,1
1,1,1,124,0,0,Mason,1974,28,6,2021,7.0,4.0,2022.0,1,0,0
1,1,1,31,1,0,Unskilled Labor,1959,1,7,2021,,,,1,0,0
1,1,1,33,1,0,Site Engineer,1994,29,6,2021,,,,0,0,1
1,1,1,124,0,0,Mason,1969,2,7,2021,31.0,3.0,2022.0,1,0,0
1,1,0,31,0,0,Unskilled Labor,2001,5,7,2021,29.0,3.0,2022.0,1,0,0
1,1,1,24,0,0,Driver,1988,1,7,2021,26.0,2.0,2022.0,1,0,0
1,1,1,124,0,0,Mason,1983,1,6,2021,4.0,6.0,2022.0,1,0,0
1,1,0,31,0,0,Unskilled Labor,2001,8,7,2021,23.0,2.0,2022.0,1,0,0
0,1,0,125,0,0,Data Colector,1998,12,7,2021,31.0,12.0,2021.0,1,0,0
1,1,1,167,0,0,IT Consultant,1993,1,4,2021,30.0,6.0,2022.0,0,1,0
1,1,1,31,0,0,Unskilled Labor,1954,14,7,2021,31.0,12.0,2021.0,1,0,0
1,1,0,139,0,0,Surveyor Helper,1995,15,7,2021,21.0,4.0,2022.0,1,0,0
0,1,0,112,0,0,Data Entry Executive,1998,15,7,2021,30.0,11.0,2022.0,0,0,1
1,1,1,49,1,0,Junior Technical Officer,1991,14,7,2021,,,,0,0,1
1,1,1,24,0,0,Driver,1975,7,7,2021,1.0,10.0,2021.0,0,0,1
1,5,0,89,1,0,Planning Engineer,1994,12,7,2021,,,,0,0,1
1,1,1,7,0,0,Store Keeper,1979,16,7,2021,21.0,7.0,2021.0,0,0,1
1,1,1,6,1,0,Project Manager,1986,16,7,2021,,,,0,0,1
1,1,1,31,0,0,Unskilled Labor,1974,19,7,2021,8.0,2.0,2022.0,1,0,0
1,1,1,7,0,0,Store Keeper,1969,19,7,2021,21.0,7.0,2021.0,0,0,1
1,1,0,158,0,0,Assistant QS,1994,20,7,2021,21.0,12.0,2021.0,0,0,1
1,1,1,31,0,0,Unskilled Labor,1958,19,7,2021,8.0,4.0,2022.0,1,0,0
1,1,1,31,0,0,Unskilled Labor,1978,1,7,2021,10.0,6.0,2022.0,1,0,0
1,1,0,49,0,0,Junior Technical Officer,1996,26,7,2021,4.0,12.0,2021.0,0,0,1
1,3,0,36,0,0,Engineer Assistant,1994,28,7,2021,7.0,12.0,2021.0,0,0,1
1,1,1,31,0,0,Unskilled Labor,1983,30,7,2021,31.0,12.0,2021.0,1,0,0
1,1,1,43,0,0,Operator - JCB,1994,29,7,2021,21.0,2.0,2022.0,1,0,0
1,5,1,124,0,0,Mason,1980,2,8,2021,31.0,12.0,2021.0,1,0,0
0,1,0,125,0,0,Data Colector,1983,30,7,2021,9.0,5.0,2022.0,1,0,0
0,1,0,125,0,0,Data Colector,1983,2,8,2021,22.0,4.0,2022.0,1,0,0
1,1,1,78,0,0,Assistant Accountant,1987,2,8,2021,9.0,12.0,2021.0,0,0,1
1,1,0,33,0,0,Site Engineer,1993,2,8,2021,3.0,8.0,2021.0,0,0,1
1,1,0,36,0,0,Engineer Assistant,1991,2,8,2021,21.0,1.0,2022.0,0,0,1
1,1,1,31,0,0,Unskilled Labor,1969,30,7,2021,15.0,11.0,2022.0,1,0,0
1,1,1,31,0,0,Unskilled Labor,1971,3,8,2021,30.0,4.0,2022.0,1,0,0
1,1,1,54,0,0,Lab Technician,1991,28,7,2021,11.0,11.0,2021.0,0,0,1
1,1,0,36,1,0,Engineer Assistant,1995,5,8,2021,,,,0,0,1
0,1,1,25,1,0,Document Controller,1983,2,8,2021,,,,1,0,0
1,3,0,31,0,0,Unskilled Labor,1997,8,8,2021,25.0,2.0,2022.0,1,0,0
1,1,1,6,1,0,Project Manager,1967,9,8,2021,,,,0,0,1
1,1,0,22,0,0,Technical Officer,1996,9,8,2021,13.0,8.0,2021.0,0,0,1
1,1,1,22,1,0,Technical Officer,1990,9,8,2021,,,,0,0,1
1,5,1,31,0,0,Unskilled Labor,1964,10,8,2021,19.0,5.0,2022.0,1,0,0
1,1,1,31,0,0,Unskilled Labor,1969,11,8,2021,5.0,5.0,2022.0,1,0,0
1,1,1,31,0,0,Unskilled Labor,1984,11,8,2021,7.0,2.0,2022.0,1,0,0
0,1,0,170,0,0,Planning Engineer cum QAQC,1996,11,8,2021,14.0,7.0,2022.0,0,0,1
1,3,1,29,0,0,Cook,1985,13,8,2021,23.0,10.0,2021.0,1,0,0
1,1,1,124,0,0,Mason,1996,13,8,2021,5.0,4.0,2022.0,1,0,0
1,1,1,124,0,0,Mason,1990,13,8,2021,5.0,5.0,2022.0,1,0,0
1,1,1,168,1,0,Planning Executive,1982,17,8,2021,,,,0,0,1
1,1,1,158,0,0,Assistant QS,1995,19,8,2021,30.0,4.0,2022.0,0,0,1
1,1,0,31,0,0,Unskilled Labor,1993,17,8,2021,31.0,10.0,2021.0,1,0,0
1,1,1,124,0,0,Mason,1963,20,8,2021,9.0,5.0,2022.0,1,0,0
1,1,1,124,0,0,Mason,1968,20,8,2021,6.0,6.0,2022.0,1,0,0
1,1,1,31,0,0,Unskilled Labor,1991,21,8,2021,2.0,4.0,2022.0,1,0,0
1,1,0,31,0,0,Unskilled Labor,1991,21,8,2021,9.0,5.0,2022.0,1,0,0
1,1,1,124,0,0,Mason,1975,21,8,2021,2.0,4.0,2022.0,1,0,0
1,1,1,31,0,0,Unskilled Labor,1974,21,8,2021,30.0,11.0,2022.0,1,0,0
1,1,1,31,0,0,Unskilled Labor,1966,23,8,2021,30.0,4.0,2022.0,1,0,0
1,1,1,31,0,1,Unskilled Labor,1978,23,8,2021,7.0,5.0,2022.0,1,0,0
1,1,1,124,0,0,Mason,1955,23,8,2021,2.0,4.0,2022.0,1,0,0
1,1,1,124,0,0,Mason,1975,23,8,2021,1.0,4.0,2022.0,1,0,0
1,1,1,31,0,0,Unskilled Labor,1967,23,8,2021,2.0,4.0,2022.0,1,0,0
1,1,1,22,0,0,Technical Officer,1994,23,8,2021,30.0,4.0,2022.0,0,0,1
1,1,1,122,0,0,Security,1978,20,8,2021,16.0,3.0,2022.0,1,0,0
1,1,0,129,1,0,Stores Helper,1997,20,8,2021,,,,1,0,0
0,1,1,31,0,0,Unskilled Labor,1988,21,8,2021,31.0,10.0,2021.0,1,0,0
1,1,1,124,0,0,Mason,1955,25,8,2021,7.0,5.0,2022.0,1,0,0
1,1,1,24,0,0,Driver,1976,17,8,2021,22.0,3.0,2022.0,1,0,0
1,1,0,31,0,0,Unskilled Labor,2003,20,8,2021,20.0,1.0,2022.0,1,0,0
1,1,1,24,0,0,Driver,1986,26,8,2021,10.0,2.0,2022.0,1,0,0
1,1,1,24,0,0,Driver,1977,26,8,2021,9.0,4.0,2022.0,1,0,0
1,1,0,56,1,0,Helper,2002,31,8,2021,,,,1,0,0
1,3,0,31,1,0,Unskilled Labor,2002,27,8,2021,,,,1,0,0
1,1,1,31,0,0,Unskilled Labor,1972,25,8,2021,31.0,10.0,2021.0,1,0,0
1,1,1,22,1,0,Technical Officer,1989,31,8,2021,,,,0,0,1
1,1,1,31,0,0,Unskilled Labor,1994,13,8,2021,31.0,10.0,2021.0,1,0,0
1,3,0,31,1,0,Unskilled Labor,2002,27,8,2021,,,,1,0,0
1,1,0,124,0,0,Mason,1983,1,9,2021,7.0,4.0,2022.0,1,0,0
1,1,1,31,0,0,Unskilled Labor,1966,1,9,2021,31.0,3.0,2022.0,1,0,0
1,1,0,31,0,0,Unskilled Labor,1983,1,9,2021,29.0,3.0,2022.0,1,0,0
1,1,0,31,0,0,Unskilled Labor,1985,2,9,2021,30.0,4.0,2022.0,1,0,0
1,1,1,78,0,0,Assistant Accountant,1985,1,9,2021,6.0,5.0,2022.0,0,0,1
1,1,1,83,0,0,Mechanical Engineer,1993,1,9,2021,18.0,12.0,2021.0,0,0,1
1,1,1,33,0,0,Site Engineer,1994,1,9,2021,27.0,12.0,2021.0,0,0,1
1,1,1,22,0,0,Technical Officer,1986,1,9,2021,1.0,10.0,2021.0,0,0,1
1,1,1,124,0,0,Mason,1991,6,9,2021,9.0,4.0,2022.0,1,0,0
1,1,1,6,0,0,Project Manager,1982,8,9,2021,7.0,9.0,2022.0,0,0,1
1,1,1,31,0,0,Unskilled Labor,1969,9,9,2021,30.0,3.0,2022.0,1,0,0
1,1,1,43,0,0,Operator - JCB,1991,4,9,2021,29.0,3.0,2022.0,1,0,0
1,1,0,124,0,0,Mason,2000,10,9,2021,7.0,4.0,2022.0,1,0,0
1,1,0,31,0,0,Unskilled Labor,1997,10,9,2021,11.0,2.0,2022.0,1,0,0
1,1,1,33,0,0,Site Engineer,1950,1,9,2021,14.0,3.0,2022.0,0,0,1
1,1,1,24,1,0,Driver,1987,1,9,2021,,,,1,0,0
1,1,0,31,0,0,Unskilled Labor,1999,1,9,2021,31.0,10.0,2021.0,1,0,0
1,1,1,124,0,0,Mason,1958,13,9,2021,7.0,4.0,2022.0,1,0,0
1,1,1,124,0,0,Mason,1973,13,9,2021,10.0,4.0,2022.0,1,0,0
1,5,1,89,0,0,Planning Engineer,1994,13,9,2021,14.0,9.0,2021.0,0,0,1
1,1,1,22,1,0,Technical Officer,1993,13,9,2021,,,,0,0,1
1,1,1,173,0,0,Trainee Safety Officer,1995,6,9,2021,1.0,1.0,2022.0,0,0,1
1,1,0,31,0,0,Unskilled Labor,1977,14,9,2021,9.0,5.0,2022.0,1,0,0
1,1,1,31,0,0,Unskilled Labor,1974,14,9,2021,31.0,12.0,2021.0,1,0,0
1,1,1,41,1,0,Electrician,1968,1,9,2021,,,,1,0,0
1,1,0,41,0,0,Electrician,1979,13,9,2021,8.0,4.0,2022.0,1,0,0
1,3,0,31,1,0,Unskilled Labor,1996,15,9,2021,,,,1,0,0
1,1,1,1,0,0,Skilled Labor,1983,16,9,2021,1.0,4.0,2022.0,1,0,0
1,4,1,1,0,0,Skilled Labor,1983,16,9,2021,7.0,4.0,2022.0,1,0,0
1,3,1,31,0,0,Unskilled Labor,1983,17,9,2021,30.0,3.0,2022.0,1,0,0
1,1,1,31,0,0,Unskilled Labor,1983,21,9,2021,7.0,4.0,2022.0,1,0,0
1,1,1,30,1,0,Semi Skilled Labor,1970,8,9,2021,,,,1,0,0
1,1,1,43,0,0,Operator - JCB,1994,15,9,2021,31.0,12.0,2021.0,1,0,0
1,1,0,31,0,0,Unskilled Labor,1995,16,9,2021,19.0,5.0,2022.0,1,0,0
1,1,0,7,0,0,Store Keeper,2000,10,9,2021,18.0,12.0,2022.0,0,0,1
1,1,1,158,0,0,Assistant QS,1995,13,9,2021,31.0,1.0,2022.0,0,0,1
0,1,1,17,0,0,Account Executive,1989,21,9,2021,6.0,2.0,2022.0,0,0,1
1,1,1,158,0,0,Assistant QS,1996,27,9,2021,6.0,1.0,2022.0,0,0,1
1,1,0,195,1,0,Data Coordinator,1999,27,9,2021,,,,1,0,0
1,1,1,129,1,0,Stores Helper,1966,13,9,2021,,,,1,0,0
1,1,1,31,0,0,Unskilled Labor,1981,5,10,2021,31.0,12.0,2021.0,1,0,0
1,1,1,31,0,0,Unskilled Labor,1970,7,10,2021,31.0,10.0,2021.0,1,0,0
1,1,0,31,0,0,Unskilled Labor,2001,4,10,2021,18.0,3.0,2022.0,1,0,0
1,1,0,17,0,0,Account Executive,1998,1,10,2021,1.0,11.0,2021.0,0,0,1
1,1,1,31,0,0,Unskilled Labor,1961,8,10,2021,1.0,4.0,2022.0,1,0,0
1,1,1,31,0,0,Unskilled Labor,1968,9,10,2021,7.0,4.0,2022.0,1,0,0
1,1,1,24,0,0,Driver,1969,13,9,2021,30.0,4.0,2022.0,0,0,1
1,1,1,22,1,0,Technical Officer,1996,11,10,2021,,,,0,0,1
1,1,1,22,1,0,Technical Officer,1996,11,10,2021,,,,0,0,1
0,1,0,178,1,0,Trainee Purchasing Officer,1996,12,10,2021,,,,0,0,1
0,1,0,178,0,0,Trainee Purchasing Officer,1997,12,10,2021,9.0,11.0,2021.0,0,0,1
1,1,1,31,0,0,Unskilled Labor,1976,13,10,2021,2.0,4.0,2022.0,1,0,0
1,1,1,31,0,0,Unskilled Labor,1993,13,10,2021,31.0,10.0,2021.0,1,0,0
1,1,1,31,0,0,Unskilled Labor,1961,12,10,2021,31.0,10.0,2021.0,1,0,0
0,3,0,45,1,0,Construction Manager,1963,2,8,2021,,,,0,1,0
1,1,1,124,0,0,Mason,1982,14,10,2021,24.0,3.0,2022.0,1,0,0
1,1,1,152,0,0,Manager Contract,1987,14,10,2021,31.0,3.0,2022.0,0,1,0
1,1,1,55,0,0,Fitter,1974,21,10,2021,28.0,2.0,2022.0,1,0,0
1,1,1,33,0,0,Site Engineer,1981,11,10,2021,24.0,10.0,2021.0,0,0,1
1,1,1,31,0,0,Unskilled Labor,1974,22,10,2021,5.0,5.0,2022.0,1,0,0
1,1,0,31,0,0,Unskilled Labor,1998,22,10,2021,2.0,4.0,2022.0,1,0,0
1,1,1,24,0,0,Driver,1964,18,10,2021,31.0,8.0,2022.0,0,0,1
1,1,1,180,0,0,Assistant Manager Procurement,1983,25,10,2021,14.0,11.0,2021.0,0,0,1
1,1,0,33,1,0,Site Engineer,1995,25,10,2021,,,,0,0,1
1,1,1,139,0,0,Surveyor Helper,1958,5,10,2021,28.0,4.0,2022.0,1,0,0
1,1,1,31,0,0,Unskilled Labor,1998,1,10,2021,29.0,3.0,2022.0,1,0,0
1,1,1,31,0,0,Unskilled Labor,1972,25,10,2021,31.0,10.0,2021.0,1,0,0
1,1,1,29,0,0,Cook,1983,1,10,2021,24.0,6.0,2022.0,1,0,0
1,1,0,55,0,0,Fitter,1983,15,10,2021,25.0,2.0,2022.0,1,0,0
1,1,0,31,0,0,Unskilled Labor,2003,19,10,2021,15.0,11.0,2021.0,1,0,0
1,1,0,31,0,0,Unskilled Labor,2002,19,10,2021,18.0,3.0,2022.0,1,0,0
1,1,1,4,0,0,Bar Bender,1981,27,10,2021,31.0,10.0,2021.0,1,0,0
1,1,1,31,0,0,Unskilled Labor,1986,25,10,2021,25.0,4.0,2022.0,1,0,0
1,1,1,31,0,0,Unskilled Labor,1983,25,10,2021,1.0,4.0,2022.0,1,0,0
1,1,1,55,0,0,Fitter,1997,25,10,2021,25.0,4.0,2022.0,1,0,0
1,1,1,31,0,0,Unskilled Labor,1975,25,10,2021,1.0,4.0,2022.0,1,0,0
1,1,1,55,0,0,Fitter,1974,25,10,2021,7.0,4.0,2022.0,1,0,0
1,4,1,31,0,0,Unskilled Labor,1964,25,10,2021,6.0,4.0,2022.0,1,0,0
1,1,1,31,1,0,Unskilled Labor,1951,16,10,2021,,,,1,0,0
1,1,0,31,1,0,Unskilled Labor,1996,27,10,2021,,,,1,0,0
1,1,1,134,0,0,Caretaker,1953,2,10,2021,13.0,1.0,2022.0,1,0,0
1,1,1,30,0,0,Semi Skilled Labor,1959,1,11,2021,9.0,5.0,2022.0,1,0,0
0,1,0,70,0,0,Data Entry Operator,2001,1,11,2021,31.0,3.0,2022.0,0,0,1
1,1,1,181,0,0,Trainee Engineer,1996,1,11,2021,12.0,3.0,2022.0,0,0,1
1,3,1,31,1,0,Unskilled Labor,1982,26,10,2021,,,,1,0,0
1,1,1,31,0,0,Unskilled Labor,1983,5,11,2021,27.0,1.0,2022.0,1,0,0
1,1,1,31,0,0,Unskilled Labor,1990,9,11,2021,29.0,3.0,2022.0,1,0,0
1,1,1,31,0,0,Unskilled Labor,1969,8,11,2021,2.0,4.0,2022.0,1,0,0
1,1,1,31,0,0,Unskilled Labor,1960,9,11,2021,31.0,3.0,2022.0,1,0,0
1,1,1,31,0,0,Unskilled Labor,1952,4,11,2021,8.0,4.0,2022.0,1,0,0
1,1,1,31,0,0,Unskilled Labor,1981,4,11,2021,31.0,12.0,2021.0,1,0,0
1,1,1,31,0,0,Unskilled Labor,1991,4,11,2021,9.0,4.0,2022.0,1,0,0
1,1,0,139,0,0,Surveyor Helper,1997,10,11,2021,20.0,4.0,2022.0,1,0,0
1,1,1,24,0,0,Driver,1992,11,11,2021,18.0,11.0,2021.0,0,0,1
1,1,1,1,0,0,Skilled Labor,1990,16,11,2021,9.0,2.0,2022.0,1,0,0
1,1,1,31,0,0,Unskilled Labor,1992,16,11,2021,8.0,4.0,2022.0,1,0,0
1,1,1,53,0,0,Pipe Fitter,2000,15,11,2021,20.0,2.0,2022.0,1,0,0
1,1,1,31,0,0,Unskilled Labor,1996,20,11,2021,1.0,2.0,2022.0,1,0,0
0,1,0,48,1,0,Draughtsman,1993,15,11,2021,,,,0,0,1
1,1,1,31,0,0,Unskilled Labor,1973,23,11,2021,31.0,3.0,2022.0,1,0,0
1,1,0,31,0,0,Unskilled Labor,1994,22,11,2021,31.0,12.0,2021.0,1,0,0
1,1,1,83,0,0,Mechanical Engineer,1995,22,11,2021,21.0,12.0,2022.0,0,0,1
1,1,1,58,0,0,Sociologist,1962,15,11,2021,3.0,6.0,2022.0,0,0,1
1,1,1,31,0,0,Unskilled Labor,1987,24,11,2021,30.0,3.0,2022.0,1,0,0
0,1,1,31,1,0,Unskilled Labor,1972,10,11,2021,,,,1,0,0
1,1,1,31,0,0,Unskilled Labor,1982,26,11,2021,31.0,12.0,2021.0,1,0,0
1,1,1,31,0,0,Unskilled Labor,1973,26,11,2021,1.0,4.0,2022.0,1,0,0
1,1,1,31,0,0,Unskilled Labor,1998,29,11,2021,15.0,2.0,2022.0,1,0,0
1,1,0,8,1,0,Quantity Surveyor,1993,29,11,2021,,,,0,0,1
1,1,1,31,0,0,Unskilled Labor,1983,29,11,2021,30.0,4.0,2022.0,1,0,0
1,1,1,124,0,0,Mason,1976,1,12,2021,2.0,4.0,2022.0,1,0,0
1,1,1,31,0,0,Unskilled Labor,1995,2,12,2021,26.0,3.0,2022.0,1,0,0
0,1,0,17,0,0,Account Executive,1993,1,12,2021,9.0,4.0,2022.0,0,0,1
1,1,1,30,0,0,Semi Skilled Labor,1996,3,12,2021,28.0,2.0,2022.0,1,0,0
1,1,0,31,0,0,Unskilled Labor,1998,6,12,2021,31.0,12.0,2021.0,1,0,0
1,1,1,30,0,0,Semi Skilled Labor,1985,9,12,2021,27.0,2.0,2022.0,1,0,0
1,1,0,30,0,0,Semi Skilled Labor,2001,9,12,2021,27.0,2.0,2022.0,1,0,0
1,1,0,30,0,0,Semi Skilled Labor,2001,10,12,2021,26.0,2.0,2022.0,1,0,0
1,1,1,182,1,0,Labour,1991,11,12,2021,,,,1,0,0
0,3,0,184,0,0,Lab Helper,1983,11,12,2021,17.0,3.0,2022.0,1,0,0
1,1,0,169,0,0,Bobcat Operator,1983,12,12,2021,16.0,11.0,2022.0,1,0,0
1,1,0,31,0,0,Unskilled Labor,1983,14,12,2021,31.0,3.0,2022.0,1,0,0
1,1,1,22,1,0,Technical Officer,1970,15,12,2021,,,,0,0,1
1,1,1,22,0,0,Technical Officer,1989,16,12,2021,12.0,2.0,2022.0,1,0,0
1,1,0,31,0,0,Unskilled Labor,2006,17,12,2021,17.0,5.0,2022.0,1,0,0
1,1,1,31,0,0,Unskilled Labor,1971,13,12,2021,11.0,4.0,2022.0,1,0,0
1,1,1,43,0,0,Operator - JCB,2000,15,12,2021,31.0,5.0,2022.0,1,0,0
1,1,1,31,0,0,Unskilled Labor,1982,13,12,2021,14.0,3.0,2022.0,1,0,0
1,1,1,7,1,0,Store Keeper,1964,20,12,2021,,,,0,0,1
1,1,1,1,0,0,Skilled Labor,1993,15,12,2021,5.0,4.0,2022.0,1,0,0
1,1,0,30,0,0,Semi Skilled Labor,1991,18,12,2021,30.0,11.0,2022.0,1,0,0
1,3,0,30,0,0,Semi Skilled Labor,2000,17,12,2021,31.0,12.0,2021.0,1,0,0
1,1,0,181,0,0,Trainee Engineer,1999,20,12,2021,12.0,3.0,2022.0,0,0,1
1,1,0,27,1,0,Supervisor,1998,23,12,2021,,,,0,0,1
1,1,1,55,0,0,Fitter,1966,20,12,2021,24.0,2.0,2022.0,1,0,0
1,1,0,31,1,0,Unskilled Labor,1989,23,12,2021,,,,1,0,0
1,1,0,31,0,0,Unskilled Labor,1970,20,12,2021,2.0,3.0,2022.0,1,0,0
1,1,0,55,0,0,Fitter,1996,1,12,2021,2.0,3.0,2022.0,1,0,0
1,5,0,31,1,0,Unskilled Labor,1996,27,12,2021,,,,1,0,0
1,1,1,31,1,0,Unskilled Labor,1983,27,12,2021,,,,1,0,0
1,1,1,124,0,0,Mason,1965,3,1,2022,30.0,3.0,2022.0,1,0,0
1,1,1,186,1,0,Surveyor,1979,7,12,2021,,,,0,0,1
1,1,1,31,0,0,Unskilled Labor,1969,4,1,2022,30.0,3.0,2022.0,1,0,0
1,1,1,95,1,0,Welder,1974,20,12,2021,,,,1,0,0
1,1,0,55,1,0,Fitter,1996,3,1,2022,,,,1,0,0
1,1,0,33,1,0,Site Engineer,1993,3,1,2022,,,,0,0,1
1,1,1,187,1,0,Material Engineer,1983,1,1,2022,,,,0,0,1
1,1,0,22,1,0,Technical Officer,1996,1,1,2022,,,,0,0,1
1,1,0,31,1,0,Unskilled Labor,1995,6,1,2022,,,,1,0,0
1,1,1,122,1,0,Security,1970,1,1,2022,,,,1,0,0
0,1,0,125,0,0,Data Colector,1998,6,1,2022,3.0,5.0,2022.0,1,0,0
1,1,1,31,0,0,Unskilled Labor,1976,6,1,2022,17.0,6.0,2022.0,1,0,0
1,1,1,55,1,0,Fitter,1961,6,1,2022,,,,1,0,0
1,1,1,31,1,0,Unskilled Labor,1991,10,1,2022,,,,1,0,0
1,1,0,70,0,0,Data Entry Operator,1999,11,1,2022,26.0,7.0,2022.0,0,0,1
1,1,1,31,1,0,Unskilled Labor,1988,13,1,2022,,,,1,0,0
1,1,0,31,1,0,Unskilled Labor,2001,11,1,2022,,,,1,0,0
1,1,0,31,0,0,Unskilled Labor,2001,13,1,2022,20.0,2.0,2022.0,1,0,0
1,1,0,139,1,0,Surveyor Helper,1999,3,1,2022,,,,1,0,0
1,1,1,189,1,0,Lab Assistant,1990,1,1,2022,,,,1,0,0
1,1,0,189,1,0,Lab Assistant,1989,1,1,2022,,,,1,0,0
1,1,0,56,0,0,Helper,2002,18,1,2022,12.0,2.0,2022.0,1,0,0
1,1,1,31,0,0,Unskilled Labor,1971,21,1,2022,10.0,4.0,2022.0,1,0,0
1,1,1,31,0,0,Unskilled Labor,1963,5,1,2022,9.0,2.0,2022.0,1,0,0
1,1,1,22,1,0,Technical Officer,1986,1,1,2022,,,,0,0,1
1,1,0,80,0,0,Driver - cab,1996,24,1,2022,30.0,3.0,2022.0,1,0,0
1,1,1,31,1,0,Unskilled Labor,1962,21,1,2022,,,,1,0,0
1,1,0,31,1,0,Unskilled Labor,2001,11,1,2022,,,,1,0,0
1,1,0,31,1,0,Unskilled Labor,1994,25,1,2022,,,,1,0,0
1,1,1,31,0,0,Unskilled Labor,1973,25,1,2022,9.0,4.0,2022.0,1,0,0
1,1,1,31,0,0,Unskilled Labor,1981,25,1,2022,26.0,2.0,2022.0,1,0,0
1,1,1,31,1,0,Unskilled Labor,1958,24,1,2022,,,,1,0,0
1,1,1,31,0,0,Unskilled Labor,1975,25,1,2022,8.0,4.0,2022.0,1,0,0
1,1,1,31,0,0,Unskilled Labor,1990,10,1,2022,2.0,3.0,2022.0,1,0,0
1,1,1,31,1,0,Unskilled Labor,1985,27,1,2022,,,,1,0,0
1,1,1,122,1,0,Security,1955,14,1,2022,,,,1,0,0
1,1,1,31,0,0,Unskilled Labor,1994,31,1,2022,17.0,4.0,2022.0,1,0,0
1,1,1,26,0,0,Mechanic,1990,29,1,2022,8.0,4.0,2022.0,1,0,0
1,1,0,55,0,0,Fitter,1999,25,1,2022,9.0,4.0,2022.0,1,0,0
1,1,1,31,0,0,Unskilled Labor,1970,29,1,2022,2.0,4.0,2022.0,1,0,0
0,1,1,195,1,0,Data Coordinator,1998,1,1,2022,,,,1,0,0
0,1,1,195,1,0,Data Coordinator,1996,4,1,2022,,,,1,0,0
1,1,0,31,0,0,Unskilled Labor,2001,19,1,2022,28.0,4.0,2022.0,1,0,0
1,1,1,31,0,0,Unskilled Labor,1964,1,2,2022,2.0,4.0,2022.0,1,0,0
1,1,0,31,0,0,Unskilled Labor,1983,1,2,2022,3.0,2.0,2022.0,1,0,0
1,1,1,31,0,0,Unskilled Labor,1991,3,1,2022,11.0,5.0,2022.0,1,0,0
1,3,0,124,0,0,Mason,2001,1,2,2022,10.0,2.0,2022.0,1,0,0
1,3,0,31,1,0,Unskilled Labor,1994,2,2,2022,,,,1,0,0
1,1,0,124,0,0,Mason,1997,3,2,2022,3.0,2.0,2022.0,1,0,0
1,1,1,31,0,0,Unskilled Labor,1973,8,2,2022,1.0,4.0,2022.0,1,0,0
1,1,1,123,0,0,Carpenter,1973,1,2,2022,9.0,4.0,2022.0,1,0,0
1,1,1,31,0,0,Unskilled Labor,1981,7,2,2022,24.0,2.0,2022.0,1,0,0
1,1,1,31,0,0,Unskilled Labor,1977,8,2,2022,8.0,4.0,2022.0,1,0,0
1,1,1,31,0,0,Unskilled Labor,2002,9,2,2022,30.0,4.0,2022.0,1,0,0
1,1,1,4,0,0,Bar Bender,1973,9,2,2022,2.0,4.0,2022.0,1,0,0
1,1,1,190,1,0,Head of QS - Post Contract,1980,7,2,2022,,,,0,1,0
1,1,1,158,1,0,Assistant QS,1996,8,2,2022,,,,0,0,1
1,1,1,33,1,0,Site Engineer,1968,8,2,2022,,,,0,0,1
1,1,0,31,0,0,Unskilled Labor,2000,11,2,2022,1.0,4.0,2022.0,1,0,0
1,1,0,55,0,0,Fitter,1995,11,2,2022,18.0,2.0,2022.0,1,0,0
1,1,0,43,0,0,Operator - JCB,1995,4,2,2022,29.0,4.0,2022.0,1,0,0
1,1,1,31,1,0,Unskilled Labor,1986,8,2,2022,,,,1,0,0
1,1,0,31,0,0,Unskilled Labor,2001,8,2,2022,2.0,4.0,2022.0,1,0,0
1,1,1,31,0,0,Unskilled Labor,1960,8,2,2022,1.0,4.0,2022.0,1,0,0
1,1,1,31,0,0,Unskilled Labor,1983,14,2,2022,31.0,3.0,2022.0,1,0,0
1,1,1,31,0,0,Unskilled Labor,1980,11,2,2022,6.0,4.0,2022.0,1,0,0
1,1,1,31,0,0,Unskilled Labor,1972,1,2,2022,2.0,3.0,2022.0,1,0,0
1,1,1,31,0,0,Unskilled Labor,1997,1,2,2022,23.0,3.0,2022.0,1,0,0
1,1,1,31,0,0,Unskilled Labor,1976,1,2,2022,23.0,3.0,2022.0,1,0,0
1,1,1,31,1,0,Unskilled Labor,1970,14,2,2022,,,,1,0,0
1,1,1,31,0,0,Unskilled Labor,1983,5,2,2022,9.0,4.0,2022.0,1,0,0
1,1,1,31,0,0,Unskilled Labor,1993,15,2,2022,17.0,6.0,2022.0,1,0,0
1,1,1,31,0,0,Unskilled Labor,1951,15,2,2022,6.0,3.0,2022.0,1,0,0
1,1,1,31,0,0,Unskilled Labor,1979,22,2,2022,26.0,3.0,2022.0,1,0,0
1,1,1,29,0,0,Cook,1963,12,2,2022,28.0,6.0,2022.0,1,0,0
1,1,1,163,1,0,Manager Transport and Logistic,1970,15,2,2022,,,,0,1,0
1,1,0,33,0,0,Site Engineer,1994,23,2,2022,28.0,5.0,2022.0,0,0,1
1,1,1,31,0,0,Unskilled Labor,1980,26,2,2022,31.0,3.0,2022.0,1,0,0
1,1,1,31,0,0,Unskilled Labor,1989,1,3,2022,3.0,3.0,2022.0,1,0,0
1,1,0,31,1,0,Unskilled Labor,1999,1,3,2022,,,,1,0,0
1,1,1,31,0,0,Unskilled Labor,1968,1,3,2022,7.0,4.0,2022.0,1,0,0
1,1,1,31,0,0,Unskilled Labor,1956,3,3,2022,25.0,4.0,2022.0,1,0,0
1,1,1,31,0,0,Unskilled Labor,1966,3,3,2022,25.0,4.0,2022.0,1,0,0
1,1,0,31,0,0,Unskilled Labor,1995,4,3,2022,19.0,5.0,2022.0,1,0,0
1,1,0,31,0,0,Unskilled Labor,2002,4,3,2022,29.0,4.0,2022.0,1,0,0
1,1,0,31,1,0,Unskilled Labor,2002,4,3,2022,,,,1,0,0
1,1,0,31,0,0,Unskilled Labor,2003,8,3,2022,10.0,3.0,2022.0,1,0,0
1,1,1,31,0,0,Unskilled Labor,1994,8,3,2022,8.0,3.0,2022.0,1,0,0
1,1,0,31,1,0,Unskilled Labor,1994,8,3,2022,,,,1,0,0
1,1,0,56,1,0,Helper,1996,3,3,2022,,,,1,0,0
1,1,0,31,0,0,Unskilled Labor,1988,9,3,2022,26.0,3.0,2022.0,1,0,0
1,1,0,53,0,0,Pipe Fitter,1999,8,3,2022,7.0,4.0,2022.0,1,0,0
1,1,0,69,1,0,Site Supervisor,2001,1,3,2022,,,,0,0,1
1,1,1,31,0,0,Unskilled Labor,1980,10,3,2022,23.0,3.0,2022.0,1,0,0
1,5,1,31,0,0,Unskilled Labor,1982,14,3,2022,6.0,4.0,2022.0,1,0,0
1,1,1,55,0,0,Fitter,1972,10,3,2022,17.0,6.0,2022.0,1,0,0
1,1,1,31,0,0,Unskilled Labor,1990,10,3,2022,1.0,4.0,2022.0,1,0,0
1,1,1,31,1,0,Unskilled Labor,1972,14,3,2022,,,,1,0,0
0,1,1,8,0,0,Quantity Surveyor,1983,10,3,2022,24.0,6.0,2022.0,0,0,1
1,1,1,31,1,0,Unskilled Labor,1998,12,3,2022,,,,1,0,0
1,1,1,31,1,0,Unskilled Labor,1986,11,3,2022,,,,1,0,0
1,1,1,191,0,0,Logistic Assistant,1994,15,3,2022,26.0,7.0,2022.0,0,0,1
1,1,1,31,1,0,Unskilled Labor,1999,1,3,2022,,,,1,0,0
1,1,1,31,1,0,Unskilled Labor,1996,3,3,2022,,,,1,0,0
0,1,0,30,0,0,Semi Skilled Labor,1998,16,3,2022,9.0,5.0,2022.0,1,0,0
1,1,0,22,1,0,Technical Officer,1991,10,3,2022,,,,0,0,1
1,1,1,31,0,0,Unskilled Labor,1995,19,3,2022,29.0,3.0,2022.0,1,0,0
1,1,1,192,1,0,Assistant Planning Engineer,1995,21,3,2022,,,,0,0,1
1,1,0,7,1,0,Store Keeper,2000,21,3,2022,,,,0,0,1
1,1,0,33,1,0,Site Engineer,1995,21,3,2022,,,,0,0,1
1,5,1,6,0,0,Project Manager,1964,22,3,2022,4.0,4.0,2022.0,0,0,1
1,1,1,4,1,0,Bar Bender,1975,19,3,2022,,,,1,0,0
1,1,1,4,1,0,Bar Bender,1990,19,3,2022,,,,1,0,0
1,1,1,4,1,0,Bar Bender,1974,19,3,2022,,,,1,0,0
1,1,1,4,1,0,Bar Bender,1987,19,3,2022,,,,1,0,0
1,1,1,4,1,0,Bar Bender,1995,19,3,2022,,,,1,0,0
1,1,1,4,1,0,Bar Bender,1987,19,3,2022,,,,1,0,0
1,1,1,4,1,0,Bar Bender,1972,19,3,2022,,,,1,0,0
1,1,0,31,1,0,Unskilled Labor,1983,14,3,2022,,,,1,0,0
1,1,0,31,0,0,Unskilled Labor,2002,25,3,2022,5.0,9.0,2022.0,1,0,0
1,5,1,22,0,0,Technical Officer,1997,6,4,2022,31.0,8.0,2022.0,0,0,1
1,1,1,8,0,0,Quantity Surveyor,1997,18,4,2022,3.0,5.0,2022.0,0,0,1
1,3,0,8,1,0,Quantity Surveyor,1997,18,4,2022,,,,0,0,1
1,1,1,22,1,0,Technical Officer,1994,19,4,2022,,,,0,0,1
1,1,1,4,1,1,Bar Bender,1987,23,4,2022,,,,1,0,0
1,1,1,124,1,0,Mason,1968,25,4,2022,,,,1,0,0
1,1,1,56,0,0,Helper,1986,26,4,2022,4.0,5.0,2022.0,1,0,0
1,1,1,90,0,0,Assistant manager - HR,1987,28,4,2022,26.0,8.0,2022.0,0,0,1
1,1,1,31,1,0,Unskilled Labor,1965,26,4,2022,,,,1,0,0
1,1,1,31,1,0,Unskilled Labor,1983,27,4,2022,,,,1,0,0
1,1,1,78,0,0,Assistant Accountant,1989,3,5,2022,19.0,9.0,2022.0,0,0,1
1,1,1,1,1,0,Skilled Labor,1991,1,5,2022,,,,1,0,0
1,1,1,31,1,0,Unskilled Labor,1983,4,5,2022,,,,1,0,0
1,1,0,31,1,0,Unskilled Labor,1983,25,5,2022,,,,1,0,0
1,1,0,31,1,0,Unskilled Labor,1983,25,5,2022,,,,1,0,0
1,1,0,31,1,0,Unskilled Labor,1983,25,5,2022,,,,1,0,0
1,1,0,31,1,0,Unskilled Labor,1983,25,5,2022,,,,1,0,0
1,1,1,24,1,0,Driver,1983,20,6,2022,,,,1,0,0
1,1,1,104,0,0,Accountant,1965,14,7,2022,4.0,11.0,2022.0,0,1,0
1,1,1,54,1,0,Lab Technician,1986,20,7,2022,,,,1,0,0
0,1,0,143,1,0,HR Assistant,1996,26,8,2022,,,,0,0,1
1,1,1,31,1,0,Unskilled Labor,1983,29,8,2022,,,,1,0,0
0,1,1,33,1,0,Site Engineer,1989,1,9,2022,,,,0,0,1
1,1,1,38,1,0,Office Assistant,1965,1,9,2022,,,,0,0,1
1,1,1,8,1,0,Quantity Surveyor,1988,26,9,2022,,,,0,0,1
1,1,1,78,1,0,Assistant Accountant,1984,27,9,2022,,,,0,0,1
1,1,1,198,1,0,Projects Officer,1981,6,10,2022,,,,0,0,1
1,1,0,111,1,0,Management Trainee,1996,25,10,2022,,,,0,0,1
0,1,0,17,0,0,Account Executive,1993,1,11,2022,22.0,12.0,2022.0,0,0,1
1,1,0,8,1,0,Quantity Surveyor,1994,21,11,2022,,,,0,0,1
1,1,0,201,1,0,Software Developer,1997,5,12,2022,,,,0,0,1
1,1,0,8,1,0,Quantity Surveyor,1990,8,12,2022,,,,0,0,1
1,1,1,104,1,0,Accountant,1979,20,12,2022,,,,0,1,0
